key,street,city,zip,lat,lon,source,precision
1 armstrong ct|lebanon|37087,1 Armstrong Ct,Lebanon,37087,36.215354687564,-86.304725599074,census,address (non_exact)
1 cumberland square|lebanon|37087,1 Cumberland Square,Lebanon,37087,36.201788804135,-86.294210655446,census,address (non_exact)
1 wheeler street|lebanon|37087,1 Wheeler Street,Lebanon,37087,36.203836475674,-86.282068662134,census,address (exact)
10 owl dr|lebanon|37087,10 Owl Dr.,Lebanon,37087,36.251397,-86.4408945,nominatim,address
100 adams ln|mt. juliet|37122,100 Adams Ln.,Mt. Juliet,37122,36.168032166723,-86.514149392122,census,address (exact)
100 aviation way|lebanon|37090,100 Aviation Way,Lebanon,37090,36.1890653,-86.3233381,nominatim,address
100 barton's run trace|lebanon|37090,100 Barton's Run Trace,Lebanon,37090,36.177895803712,-86.329880299945,census,address (exact)
100 falls blvd|lebanon|37090,100 Falls Blvd,Lebanon,37090,36.169885913374,-86.400157556501,census,address (exact)
100 hamilton station crossing|lebanon|37087,100 Hamilton Station Crossing,Lebanon,37087,36.2079779,-86.2910945,nominatim,city centroid
100 hartman dr|lebanon|37087,100 Hartman Dr,Lebanon,37087,36.213465701273,-86.322079186474,census,address (non_exact)
100 hunters creek blvd|lebanon|37087,100 Hunters Creek Blvd.,Lebanon,37087,36.227361219255,-86.292870940369,census,address (non_exact)
100 matterhorn dr|old hickory|37138,100 Matterhorn Dr.,Old Hickory,37138,36.218127099716,-86.583699817213,census,address (exact)
100 public square|watertown|37184,100 Public Square,Watertown,37184,36.100012254425,-86.133580456096,census,address (exact)
100 reunion blvd|mt. juliet|37122,100 Reunion Blvd,Mt. Juliet,37122,36.200055,-86.5186054,nominatim,city centroid
100 rollingwood mdws|lebanon|37087,100 Rollingwood Mdws,Lebanon,37087,36.213868401164,-86.334367823939,census,address (non_exact)
100 square|watertown|37184,100 Square,Watertown,37184,36.1001694,-86.1334873,nominatim,address
100 township blvd|mt. juliet|37122,100 Township Blvd,Mt. Juliet,37122,36.200055,-86.5186054,nominatim,city centroid
100 watermill lane|lebanon|37087,100 Watermill Lane,Lebanon,37087,36.279069680337,-86.379928210427,census,address (non_exact)
100 willow bend dr|mt. juliet|37122,100 Willow Bend Dr,Mt. Juliet,37122,36.221903368137,-86.508621363223,census,address (non_exact)
100 willow creek dr|mt. juliet|37122,100 Willow Creek Dr,Mt. Juliet,37122,36.221903368137,-86.508621363223,census,address (exact)
1000 hershel dr|mt. juliet|37122,1000 Hershel Dr,Mt. Juliet,37122,36.169131291214,-86.513766875326,census,address (non_exact)
1000 venue circle|lebanon|37090,1000 Venue CIrcle,Lebanon,37090,36.1800982,-86.3976478,nominatim,address
1000 venue cir|lebanon|37090,1000 Venue Cir,Lebanon,37090,36.1800982,-86.3976478,nominatim,address
1000 west end station|lebanon|37087,1000 West End Station,Lebanon,37087,36.2079779,-86.2910945,nominatim,city centroid
1001 ashwood drive|mt. juliet|37122,1001 Ashwood Drive,Mt. Juliet,37122,36.049349786507,-86.471651027216,census,address (exact)
1001 ashwood dr|mt. juliet|37122,1001 Ashwood Dr,Mt. Juliet,37122,36.049349786507,-86.471651027216,census,address (exact)
1001 providence west pkwy|mt. juliet|37122,1001 Providence West Pkwy,Mt. Juliet,37122,36.200055,-86.5186054,nominatim,city centroid
1002 camp rd|spencer|38585,1002 Camp Rd,Spencer,38585,35.728949162776,-85.327756816986,census,address (non_exact)
1003 woodridge rd|mt. juliet|37122,1003 Woodridge Rd.,Mt. Juliet,37122,36.218360310551,-86.515125672621,census,address (non_exact)
1004 cumberland center blvd lebanon tn usa|lebanon|37087,1004 Cumberland Center Blvd Lebanon TN USA,Lebanon,37087,36.184894426085,-86.29749925563,census,address (non_exact)
"1004 cumberland center blvd, lebanon, tn, usa|lebanon|37087","1004 Cumberland Center Blvd, Lebanon, TN, USA",Lebanon,37087,36.184894426085,-86.29749925563,census,address (non_exact)
1004 cumberland center blvd|lebanon|37087,1004 Cumberland Center Blvd,Lebanon,37087,36.184894426085,-86.29749925563,census,address (exact)
1004 pleasant grove pl|mt. juliet|37122,1004 Pleasant Grove Pl,Mt. Juliet,37122,36.174034446022,-86.517441775419,census,address (exact)
1006 cumberland center blvd|lebanon|37087,1006 Cumberland Center Blvd.,Lebanon,37087,36.184866699933,-86.297411666216,census,address (exact)
1007 castle heights ave n|lebanon|37087,1007 Castle Heights Ave. N.,Lebanon,37087,36.221249536136,-86.29788513766,census,address (non_exact)
1007 castle heights n ave|lebanon|37087,1007 Castle Heights N. Ave.,Lebanon,37087,36.221249536136,-86.29788513766,census,address (non_exact)
1008 meb ct|mt. juliet|37122,1008 Meb Ct,Mt. Juliet,37122,36.23252652222,-86.517391872512,census,address (exact)
1008 west main st|lebanon|37087,1008 West Main St.,Lebanon,37087,36.211002604289,-86.313749651497,census,address (exact)
10085 lebanon rd|mt. juliet|37122,10085 Lebanon Rd,Mt. Juliet,37122,36.231909531171,-86.491621315948,census,address (exact)
101 bassett hall ct|lebanon|37087,101 Bassett Hall CT,Lebanon,37087,36.211355571025,-86.335498393163,census,address (non_exact)
101 lineberry blvd|mt. juliet|37122,101 Lineberry Blvd.,Mt. Juliet,37122,36.231035433839,-86.510289068501,census,address (exact)
101 mcgregor st|lebanon|37087,101 McGregor St,Lebanon,37087,36.207093678677,-86.28144465602,census,address (exact)
101 sunset dr|mt. juliet|37122,101 Sunset Dr,Mt. Juliet,37122,36.229166761114,-86.527418304893,census,address (exact)
1010 n cumberland st|lebanon|37087,1010 N. Cumberland St.,Lebanon,37087,36.223998927447,-86.290398417234,census,address (exact)
1012 b w main st|lebanon|37087,1012 B W Main St,Lebanon,37087,36.211121340336,-86.314217174556,census,address (non_exact)
1019 kelsey glen dr|mt. juliet|37122,1019 Kelsey Glen Dr,Mt. Juliet,37122,36.192956442707,-86.53966703702,census,address (exact)
102 c hartman dr|lebanon|37087,102 C Hartman Dr,Lebanon,37087,36.213569515392,-86.322031793069,census,address (non_exact)
102 public square|lebanon|37087,102 Public Square,Lebanon,37087,36.208048877205,-86.290671265643,census,address (exact)
102 rocky rd|lebanon|37087,102 Rocky Rd,Lebanon,37087,36.214806487182,-86.32777599888,census,address (exact)
102 south college street|lebanon|37087,102 South College Street,Lebanon,37087,36.207636341025,-86.289837251834,census,address (exact)
102 square|lebanon|37087,102 Square,Lebanon,37087,36.2079779,-86.2910945,nominatim,city centroid
1020 west main street|lebanon|37087,1020 West Main Street,Lebanon,37087,36.211358701457,-86.315153265328,census,address (exact)
1021 charlie daniels pkwy|mt. juliet|37122,1021 Charlie Daniels Pkwy,Mt. Juliet,37122,36.221790826077,-86.514242659356,census,address (exact)
1021 w main st|lebanon|37087,1021 W Main St,Lebanon,37087,36.211529555013,-86.315341386261,census,address (exact)
1021 west main street|lebanon|37087,1021 West Main Street,Lebanon,37087,36.211529555013,-86.315341386261,census,address (exact)
1023 main street|lebanon|37087,1023 Main Street,Lebanon,37087,36.2115650663,-86.315477325224,census,address (non_exact)
1023 w main st|lebanon|37087,1023 W. Main St.,Lebanon,37087,36.2115650663,-86.315477325224,census,address (exact)
1025 w main st c|lebanon|37087,1025 W Main St C,Lebanon,37087,36.21168054452,-86.315926147482,census,address (non_exact)
103 belinda pkwy|mt. juliet|37122,103 Belinda Pkwy,Mt. Juliet,37122,36.1707029,-86.4961371,nominatim,address
103 cedarwood dr|lebanon|37087,103 Cedarwood Dr.,Lebanon,37087,36.185956366325,-86.295806758075,census,address (exact)
103 w division st|mt. juliet|37122,103 W Division St.,Mt. Juliet,37122,36.203628652005,-86.527793696341,census,address (exact)
1033 w main st|lebanon|37087,1033 W Main St,Lebanon,37087,36.212060759528,-86.317406128785,census,address (exact)
10334 chapman highway|seymour|37865,10334 Chapman Highway,Seymour,37865,35.882585793048,-83.786845464324,census,address (exact)
1035 n mt juliet rd|mt. juliet|37122,1035 N Mt. Juliet Rd,Mt. Juliet,37122,36.156755383267,-86.515975483807,census,address (non_exact)
1039 chatsworth dr|old hickory|37138,1039 Chatsworth Dr,Old Hickory,37138,36.212267493613,-86.574960683614,census,address (exact)
1039 w main st|lebanon|37087,1039 W. Main St,Lebanon,37087,36.212321959897,-86.318404623137,census,address (exact)
104 east main street|lebanon|37087,104 East Main Street,Lebanon,37087,36.207871922277,-86.290654393141,census,address (exact)
104 n college st|lebanon|37087,104 N. College St.,Lebanon,37087,36.207960962332,-86.289790446713,census,address (exact)
104 n maple st|lebanon|37087,104 N. Maple St.,Lebanon,37087,36.208201640599,-86.292537333101,census,address (exact)
104 north greenwood street|lebanon|37087,104 North Greenwood Street,Lebanon,37087,36.208640659666,-86.296109655509,census,address (exact)
1040 charlie daniels pkwy|mt. juliet|37122,1040 Charlie Daniels Pkwy,Mt. Juliet,37122,36.221623922542,-86.513710589204,census,address (exact)
1041 w main st|lebanon|37087,1041 W. Main St.,Lebanon,37087,36.212335758418,-86.3184542978,census,address (exact)
1043 nighthawk ln|mt. juliet|37122,1043 Nighthawk Ln,Mt. Juliet,37122,36.192728700238,-86.569286415081,census,address (exact)
10471 hwy 109 n|lebanon|37087,10471 Hwy 109 N,Lebanon,37087,36.330035431322,-86.436281962573,census,address (non_exact)
10471 tn 109|lebanon|37087,10471 TN 109,Lebanon,37087,36.330035431322,-86.436281962573,census,address (exact)
10471 tn-109|lebanon|37087,10471 TN-109,Lebanon,37087,36.330035431322,-86.436281962573,census,address (exact)
1048 singing springs rd|mt. juliet|37122,1048 Singing Springs Rd,Mt. Juliet,37122,36.277592385772,-86.53039353822,census,address (exact)
105 bear crossing|mt. juliet|37122,105 Bear Crossing,Mt. Juliet,37122,36.200055,-86.5186054,nominatim,city centroid
105 benita way|lebanon|37087,105 Benita Way,Lebanon,37087,36.230378032795,-86.302270578222,census,address (exact)
105 legacy pointe blvd c-5|mt. juliet|37122,105 Legacy Pointe Blvd C-5,Mt. Juliet,37122,36.200055,-86.5186054,nominatim,city centroid
105 legacy pointe blvd|mt. juliet|37122,105 Legacy Pointe Blvd,Mt. Juliet,37122,36.1818075,-86.4606185,nominatim,address
105 w market st|lebanon|37087,105 W Market St,Lebanon,37087,36.209158843801,-86.291035844325,census,address (exact)
1050 hamilton station blvd|lebanon|37087,1050 Hamilton Station Blvd,Lebanon,37087,36.230446802375,-86.367206585019,census,address (exact)
1050 murfreesboro rd|lebanon|37090,1050 Murfreesboro Rd.,Lebanon,37090,36.176064359798,-86.301782997115,census,address (exact)
1051 murfreesboro rd|lebanon|37090,1051 Murfreesboro Rd,Lebanon,37090,36.176029396678,-86.301647806512,census,address (exact)
1055 river oaks blvd|lebanon|37087,1055 River Oaks Blvd,Lebanon,37087,36.229143809146,-86.389353094841,census,address (non_exact)
10575 trousdale ferry pike|lebanon|37090,10575 Trousdale Ferry Pike,Lebanon,37090,36.20420977513,-86.095850018404,census,address (exact)
10578 lebanon rd|mt. juliet|37122,10578 Lebanon Rd,Mt. Juliet,37122,36.230992970671,-86.502684604136,census,address (exact)
1059 plaza dr|mt. juliet|37122,1059 Plaza Dr,Mt. Juliet,37122,36.192788883838,-86.514627250411,census,address (exact)
106 east main street|lebanon|37087,106 East Main Street,Lebanon,37087,36.207870369311,-86.290636534045,census,address (exact)
106 north cumberland|lebanon|37087,106 North Cumberland,Lebanon,37087,36.208361513722,-86.291113573548,census,address (non_exact)
106 s college st|lebanon|37087,106 S College St,Lebanon,37087,36.207296209064,-86.289882611213,census,address (exact)
106 seven springs dr|mt. juliet|37122,106 Seven Springs Dr.,Mt. Juliet,37122,36.140101859314,-86.481164994462,census,address (exact)
106 winwood dr|lebanon|37087,106 Winwood Dr,Lebanon,37087,36.21712914242,-86.335460240479,census,address (exact)
1060 se tater peeler rd|lebanon|37090,1060 SE Tater Peeler Rd,Lebanon,37090,36.182270132474,-86.293331536331,census,address (exact)
1065 franklin rd|lebanon|37087,1065 Franklin Rd.,Lebanon,37087,36.184349087816,-86.322453675593,census,address (non_exact)
1065 franklin rd|lebanon|37090,1065 Franklin Rd.,Lebanon,37090,36.184349087816,-86.322453675593,census,address (exact)
107 legends drive|lebanon|37087,107 Legends Drive,Lebanon,37087,36.188885668859,-86.293991839927,census,address (exact)
107 west main street|lebanon|37087,107 West Main Street,Lebanon,37087,36.20810712102,-86.29187706534,census,address (exact)
1072 river oaks blvd|lebanon|37087,1072 River Oaks Blvd,Lebanon,37087,36.228816032769,-86.389994975524,census,address (non_exact)
108 bluegrass pkwy|lebanon|37090,108 Bluegrass Pkwy,Lebanon,37090,36.203029844111,-86.420331561485,census,address (exact)
108 depot st|watertown|37184,108 Depot St.,Watertown,37184,36.099732237455,-86.133900187459,census,address (non_exact)
108 lake point dr|gallatin|37066,108 Lake Point Dr,Gallatin,37066,36.359376684534,-86.471869349646,census,address (exact)
108 s cumberland st|lebanon|37087,108 S Cumberland St,Lebanon,37087,36.207323105269,-86.291271799705,census,address (exact)
1081 holland ridge wy|lebanon|37090,1081 Holland Ridge Wy,Lebanon,37090,36.1904985,-86.3969636,nominatim,address
10835 lebanon rd|mt. juliet|37122,10835 Lebanon Rd,Mt. Juliet,37122,36.2311544,-86.5010968,nominatim,address
109 geers ct lebanon tn usa|lebanon|37087,109 Geers Ct Lebanon TN USA,Lebanon,37087,36.222786056922,-86.350878993,census,address (non_exact)
"109 geers ct, lebanon, tn, usa|lebanon|37087","109 Geers Ct, Lebanon, TN, USA",Lebanon,37087,36.222786056922,-86.350878993,census,address (non_exact)
109 north cumberland st|lebanon|37087,109 North Cumberland St.,Lebanon,37087,36.208361799429,-86.290970361808,census,address (exact)
109 signature pl 99|lebanon|37087,109 Signature Pl 99,Lebanon,37087,36.21612601713,-86.333586339893,census,address (non_exact)
109 signature place|lebanon|37087,109 Signature Place,Lebanon,37087,36.21612601713,-86.333586339893,census,address (exact)
1097 weston dr|mt. juliet|37122,1097 Weston Dr,Mt. Juliet,37122,36.186502667026,-86.51310931796,census,address (exact)
10989 lebanon rd|mt. juliet|37122,10989 Lebanon Rd,Mt. Juliet,37122,36.23104065683,-86.509761528212,census,address (exact)
110 a east main street|lebanon|37087,110 A East Main Street,Lebanon,37087,36.207867263379,-86.290600815851,census,address (non_exact)
110 cedarwood drive (office)|lebanon|37087,110 Cedarwood Drive (office),Lebanon,37087,36.185637304037,-86.294624406684,census,address (non_exact)
110 east main street|lebanon|37090,110 East Main Street,Lebanon,37090,36.207867263379,-86.290600815851,census,address (non_exact)
110 old leeville pike|lebanon|37090,110 Old Leeville Pike,Lebanon,37090,36.200122596824,-86.29342382269,census,address (non_exact)
110 old leeville pk|lebanon|37090,110 Old Leeville Pk,Lebanon,37090,36.200122596824,-86.29342382269,census,address (non_exact)
110 providence trl|mt. juliet|37122,110 Providence Trl,Mt. Juliet,37122,36.168415710216,-86.503288597824,census,address (exact)
110 west main street|lebanon|37087,110 West Main Street,Lebanon,37087,36.208023893755,-86.292176581231,census,address (exact)
110 willard hagen drive|lebanon|37090,110 Willard Hagen Drive,Lebanon,37090,36.185809127752,-86.326231053553,census,address (non_exact)
1100 dell webb blvd|mt. juliet|37122,1100 Dell Webb Blvd.,Mt. Juliet,37122,36.164748152693,-86.471355220395,census,address (non_exact)
11001 lebanon rd|mt. juliet|37122,11001 Lebanon Rd.,Mt. Juliet,37122,36.231034196383,-86.510290570146,census,address (exact)
1103 1/2 north cumberland street|lebanon|37087,1103 1/2 North Cumberland Street,Lebanon,37087,36.22549241757,-86.290162388589,census,address (non_exact)
1107 n cumberland st|lebanon|37087,1107 N. Cumberland St.,Lebanon,37087,36.225896597749,-86.290135443219,census,address (exact)
111 belinda pkwy|mt. juliet|37122,111 Belinda Pkwy,Mt. Juliet,37122,36.1707322,-86.4954145,nominatim,address
111 south greenwood street|lebanon|37087,111 South Greenwood Street,Lebanon,37087,36.207375728738,-86.29617268823,census,address (exact)
"1111 academy rd, lebanon, tn, usa|lebanon|37087","1111 Academy Rd, Lebanon, TN, USA",Lebanon,37087,36.287016050386,-86.412050942354,census,address (non_exact)
1112 w main st|lebanon|37087,1112 W Main St,Lebanon,37087,36.212232008051,-86.31851708961,census,address (exact)
1112 west main street|lebanon|37087,1112 West Main Street,Lebanon,37087,36.212232008051,-86.31851708961,census,address (exact)
11136 central pike|mt. juliet|37122,11136 Central Pike,Mt. Juliet,37122,36.146277515948,-86.465506341231,census,address (exact)
1117 carlisle place|mt. juliet|37122,1117 Carlisle Place,Mt. Juliet,37122,36.1544352,-86.5030607,nominatim,address
11177 lebanon rd|mt. juliet|37122,11177 Lebanon Rd.,Mt. Juliet,37122,36.231008433971,-86.513200567643,census,address (exact)
11190 lebanon rd|mt. juliet|37122,11190 Lebanon Rd,Mt. Juliet,37122,36.230893842586,-86.512946597161,census,address (exact)
11191 lebanon rd|mt. juliet|37122,11191 Lebanon Rd.,Mt. Juliet,37122,36.23100843398,-86.51341095262,census,address (exact)
112 e main st|lebanon|37087,112 E Main St,Lebanon,37087,36.207865710413,-86.290582956755,census,address (exact)
112 oak hill dr|lebanon|37087,112 Oak Hill Dr,Lebanon,37087,36.212460705923,-86.311391987051,census,address (exact)
112 public square|lebanon|37087,112 Public Square,Lebanon,37087,36.208302535555,-86.290979504382,census,address (exact)
112 square|lebanon|37087,112 Square,Lebanon,37087,36.2079779,-86.2910945,nominatim,city centroid
11219 lebanon rd|mt. juliet|37122,11219 Lebanon Rd,Mt. Juliet,37122,36.230990434027,-86.514404463872,census,address (exact)
11226 lebanon rd|mt. juliet|37122,11226 Lebanon Rd,Mt. Juliet,37122,36.230875842646,-86.514244567336,census,address (exact)
1123 n castle heights ave|lebanon|37087,1123 N Castle Heights Ave,Lebanon,37087,36.2173706,-86.3002067,nominatim,address
1125 amberly wy|lebanon|37090,1125 Amberly Wy,Lebanon,37090,36.2079779,-86.2910945,nominatim,city centroid
1125 franklin rd|lebanon|37087,1125 Franklin Rd.,Lebanon,37087,36.184817283525,-86.323420723809,census,address (non_exact)
1127 westwood blvd|mt. juliet|37122,1127 Westwood Blvd,Mt. Juliet,37122,36.162801696409,-86.508196978755,census,address (exact)
11279 lebanon rd|mt. juliet|37122,11279 Lebanon Rd.,Mt. Juliet,37122,36.230990864508,-86.515202179122,census,address (exact)
1129 franklin rd.|lebanon|37087,1129 Franklin Rd.,Lebanon,37087,36.184857272276,-86.323476027391,census,address (non_exact)
1129 franklin rd|lebanon|37087,1129 Franklin Rd.,Lebanon,37087,36.184857272276,-86.323476027391,census,address (non_exact)
1129 franklin road|lebanon|37090,1129 Franklin Road,Lebanon,37090,36.184857272276,-86.323476027391,census,address (exact)
11309 lebanon rd|mt. juliet|37122,11309 Lebanon Rd,Mt. Juliet,37122,36.230998856897,-86.515601797691,census,address (exact)
11320 lebanon rd|mt. juliet|37122,11320 Lebanon Rd,Mt. Juliet,37122,36.230877674567,-86.515274011172,census,address (exact)
11321 lebanon rd|mt. juliet|37122,11321 Lebanon Rd,Mt. Juliet,37122,36.231002219765,-86.515761527495,census,address (exact)
"1135 carthage hwy, lebanon, tn, usa|lebanon|37087","1135 Carthage Hwy, Lebanon, TN, USA",Lebanon,37087,36.214827412086,-86.259993248535,census,address (non_exact)
1135 carthage hwy|lebanon|37087,1135 Carthage Hwy,Lebanon,37087,36.214827412086,-86.259993248535,census,address (exact)
11356 lebanon rd|mt. juliet|37122,11356 Lebanon Rd,Mt. Juliet,37122,36.230885589924,-86.515667592686,census,address (exact)
11362 lebanon rd|mt. juliet|37122,11362 Lebanon Rd,Mt. Juliet,37122,36.230886985157,-86.515733168472,census,address (exact)
11381 lebanon rd|mt. juliet|37122,11381 Lebanon Rd,Mt. Juliet,37122,36.231012015537,-86.51656120293,census,address (exact)
11395 lebanon rd|mt. juliet|37122,11395 Lebanon Rd,Mt. Juliet,37122,36.23101525907,-86.51674770561,census,address (exact)
1145 franklin road|lebanon|37090,1145 Franklin Road,Lebanon,37090,36.185068434019,-86.323774765198,census,address (exact)
11457 lebanon rd|mt. juliet|37122,11457 Lebanon Rd,Mt. Juliet,37122,36.231030341743,-86.517679556414,census,address (exact)
115 belinda pkwy|mt. juliet|37122,115 Belinda Pkwy,Mt. Juliet,37122,36.17002967272,-86.499289971828,census,address (exact)
115 e main street|watertown|37184,115 E. Main Street,Watertown,37184,36.099914590103,-86.133482526876,census,address (exact)
115 south hartman drive|lebanon|37087,115 South Hartman Drive,Lebanon,37087,36.213137399096,-86.322047080236,census,address (non_exact)
1150 sparta pike lebanon tn usa|lebanon|37087,1150 Sparta Pike Lebanon TN USA,Lebanon,37087,36.193474137933,-86.273694127057,census,address (non_exact)
"1150 sparta pike, lebanon, tn, usa|lebanon|37087","1150 Sparta Pike, Lebanon, TN, USA",Lebanon,37087,36.193474137933,-86.273694127057,census,address (non_exact)
1150 sparta pike.|lebanon|37087,1150 Sparta Pike.,Lebanon,37087,36.193474137933,-86.273694127057,census,address (exact)
1150 sparta pike|lebanon|37087,1150 Sparta Pike.,Lebanon,37087,36.193474137933,-86.273694127057,census,address (exact)
1150 vultee blvd m101|nashville|37217,1150 Vultee Blvd. M101,Nashville,37217,36.123926463677,-86.705222056766,census,address (non_exact)
1160 horn springs rd|lebanon|37087,1160 Horn Springs Rd,Lebanon,37087,36.24582,-86.3616633,nominatim,address
11674 lebanon rd|mt. juliet|37122,11674 Lebanon Rd,Mt. Juliet,37122,36.230979967322,-86.521710785804,census,address (exact)
118 odette st|madison|37115,118 Odette St,Madison,37115,36.280528506894,-86.70766010235,census,address (exact)
11804 lebanon rd|mt. juliet|37122,11804 Lebanon Rd,Mt. Juliet,37122,36.231005846854,-86.52331163966,census,address (exact)
119 belinda parkway|mt. juliet|37122,119 Belinda Parkway,Mt. Juliet,37122,36.1707608,-86.4946917,nominatim,address
11914 lebanon road|mt. juliet|37122,11914 Lebanon Road,Mt. Juliet,37122,36.23104899211,-86.525902022056,census,address (exact)
11998 lebanon rd|mt. juliet|37122,11998 Lebanon Rd,Mt. Juliet,37122,36.231030877711,-86.52718635991,census,address (exact)
12 franklin rd|lebanon|37087,12 Franklin Rd,Lebanon,37087,36.188792997663,-86.303392505826,census,address (exact)
120 durham lane|mt. juliet|37122,120 Durham Lane,Mt. Juliet,37122,36.1546044,-86.507403,nominatim,address
120 providence trail|mt. juliet|37122,120 Providence Trail,Mt. Juliet,37122,36.167612356662,-86.503455081971,census,address (exact)
120 providence trl|mt. juliet|37122,120 Providence Trl,Mt. Juliet,37122,36.167612356662,-86.503455081971,census,address (exact)
120 willard hagan drive|lebanon|37090,120 Willard Hagan Drive,Lebanon,37090,36.18579560573,-86.32647281907,census,address (non_exact)
1200 renaissance court|chattanooga|37419,1200 Renaissance Court,Chattanooga,37419,35.0457219,-85.3094883,nominatim,city centroid
1200 s mt juliet rd|mt. juliet|37122,1200 S Mt Juliet Rd,Mt. Juliet,37122,36.155102329047,-86.516249928636,census,address (exact)
1204 murfreesboro rd|lebanon|37090,1204 Murfreesboro Rd,Lebanon,37090,36.17100091397,-86.303775938754,census,address (exact)
1207 neyland circle|hixson|37343,1207 Neyland Circle,Hixson,37343,35.1406267,-85.2327349,nominatim,city centroid
12070 lebanon rd|mt. juliet|37122,12070 Lebanon Rd,Mt. Juliet,37122,36.230941219813,-86.528279571039,census,address (exact)
1209 n mt juliet rd|mt. juliet|37122,1209 N Mt. Juliet Rd,Mt. Juliet,37122,36.187696100419,-86.511168211625,census,address (exact)
121 adams lane|mt. juliet|37122,121 Adams Lane.,Mt. Juliet,37122,36.16904836323,-86.518611651582,census,address (exact)
121 adams ln|mt. juliet|37122,121 Adams Ln,Mt. Juliet,37122,36.16904836323,-86.518611651582,census,address (exact)
1213 leeville pike|lebanon|37087,1213 Leeville Pike.,Lebanon,37087,36.197485057372,-86.319484956098,census,address (non_exact)
1217 rutland dr|mt. juliet|37122,1217 Rutland Dr,Mt. Juliet,37122,36.184551165385,-86.463836496776,census,address (exact)
12192 lebanon rd|mt. juliet|37122,12192 Lebanon Rd.,Mt. Juliet,37122,36.230528206057,-86.530458702648,census,address (exact)
122 baird farms blvd|mt. juliet|37122,122 Baird Farms Blvd,Mt. Juliet,37122,36.1630763,-86.4972381,nominatim,address
122 north greenwood drive|lebanon|37087,122 North Greenwood Drive,Lebanon,37087,36.209081752351,-86.296139982134,census,address (non_exact)
122 public sq|lebanon|37087,122 Public Sq,Lebanon,37087,36.208147941749,-86.291485020321,census,address (exact)
122 sq|lebanon|37087,122 Sq,Lebanon,37087,36.2079779,-86.2910945,nominatim,city centroid
1221 s hartmann dr i|lebanon|37087,1221 S Hartmann Dr I,Lebanon,37087,36.173979305971,-86.308817785605,census,address (non_exact)
1224 murfreesboro rd|lebanon|37090,1224 Murfreesboro Rd.,Lebanon,37090,36.170868896066,-86.303826274413,census,address (exact)
123 country club rd|niota|37826,123 Country Club Rd,Niota,37826,35.518088761745,-84.557507718831,census,address (exact)
1235 lebanon rd|mt. juliet|37122,1235 Lebanon Rd.,Mt. Juliet,37122,36.1952641,-86.5711294,nominatim,address
1235 n mt juliet rd|mt. juliet|37122,1235 N. Mt. Juliet Rd,Mt. Juliet,37122,36.188283234942,-86.511469405895,census,address (exact)
1241 n mt juliet rd|mt. juliet|37122,1241 N Mt Juliet Rd,Mt. Juliet,37122,36.188414620044,-86.511557883311,census,address (exact)
1260 creighton ln|lebanon|37087,1260 Creighton Ln,Lebanon,37087,36.314405241551,-86.462180064021,census,address (exact)
12635 lebanon rd|mt. juliet|37122,12635 Lebanon Rd.,Mt. Juliet,37122,36.227025935381,-86.538485559252,census,address (exact)
1265 n mt juliet rd|mt. juliet|37122,1265 N. Mt. Juliet Rd.,Mt. Juliet,37122,36.188905039932,-86.511963163203,census,address (exact)
128 public square|lebanon|37087,128 Public Square,Lebanon,37087,36.207889623158,-86.291528836134,census,address (exact)
1280 saundersville ferry rd|mt. juliet|37122,1280 Saundersville Ferry Rd,Mt. Juliet,37122,36.270655227978,-86.5470570325,census,address (exact)
12800 lebanon rd|mt. juliet|37122,12800 Lebanon Rd,Mt. Juliet,37122,36.227479255092,-86.537294982373,census,address (exact)
1281 couchville pike|mt. juliet|37122,1281 Couchville Pike,Mt. Juliet,37122,36.070141358487,-86.444646913873,census,address (exact)
1283 n mt juliet rd|mt. juliet|37122,1283 N. Mt Juliet Rd,Mt. Juliet,37122,36.189247239721,-86.512309099739,census,address (exact)
1284 creighton lane|lebanon|37087,1284 Creighton Lane.,Lebanon,37087,36.315034569714,-86.462208374522,census,address (exact)
1284 creighton ln|lebanon|37087,1284 Creighton Ln,Lebanon,37087,36.315034569714,-86.462208374522,census,address (exact)
12894 lebanon rd|mt. juliet|37122,12894 Lebanon Rd.,Mt. Juliet,37122,36.225458152189,-86.541367658274,census,address (exact)
1290 sparta pike|lebanon|37090,1290 Sparta Pike,Lebanon,37090,36.183613097445,-86.265606717856,census,address (exact)
12910 lebanon rd|mt. juliet|37122,12910 Lebanon Rd.,Mt. Juliet,37122,36.225336515136,-86.541612529052,census,address (exact)
1298 sparta pike|lebanon|37090,1298 Sparta Pike,Lebanon,37090,36.183316281004,-86.265370035486,census,address (exact)
130 legends dr|lebanon|37087,130 Legends Dr.,Lebanon,37087,36.188781317972,-86.293093356461,census,address (exact)
130 public sq|lebanon|37087,130 Public Sq,Lebanon,37087,36.207783029777,-86.291490918606,census,address (exact)
130 sq|lebanon|37087,130 Sq,Lebanon,37087,36.2079779,-86.2910945,nominatim,city centroid
130 tribble ln|lebanon|37087,130 Tribble Ln,Lebanon,37087,36.216006777978,-86.261046579003,census,address (exact)
1300 coles ferry pike|lebanon|37087,1300 Coles Ferry Pike,Lebanon,37087,36.223717400409,-86.306560591332,census,address (exact)
1300 hutton way|lebanon|37087,1300 Hutton Way,Lebanon,37087,36.2079779,-86.2910945,nominatim,city centroid
131 depot street|watertown|37184,131 Depot Street,Watertown,37184,36.099395141968,-86.133967209869,census,address (non_exact)
131 flatwoods rd|lebanon|37090,131 Flatwoods Rd,Lebanon,37090,36.072604280468,-86.342947369748,census,address (exact)
1310 sparta pike|lebanon|37090,1310 Sparta Pike,Lebanon,37090,36.18287513843,-86.265010740192,census,address (exact)
1312 sparta pike|lebanon|37090,1312 Sparta Pike,Lebanon,37090,36.182801614668,-86.264950857643,census,address (exact)
1313 w main st.|lebanon|37087,1313 W Main St.,Lebanon,37087,36.214075919812,-86.323836772415,census,address (exact)
1313 w main st|lebanon|37087,1313 W. Main St.,Lebanon,37087,36.214075919812,-86.323836772415,census,address (exact)
1315 murfreesboro rd|lebanon|37090,1315 Murfreesboro Rd,Lebanon,37090,36.1670753,-86.3052519,nominatim,address
1315 w main st.|lebanon|37087,1315 W Main St.,Lebanon,37087,36.214229213873,-86.324276945258,census,address (exact)
1315 w main st|lebanon|37087,1315 W Main St,Lebanon,37087,36.214229213873,-86.324276945258,census,address (exact)
1316 w main street|lebanon|37087,1316 W Main Street,Lebanon,37087,36.21402645429,-86.324053121799,census,address (exact)
1317 w main st|lebanon|37087,1317 W. Main St.,Lebanon,37087,36.21438425023,-86.324715370821,census,address (exact)
1319 n mt juliet rd|mt. juliet|37122,1319 N. Mt. Juliet Rd,Mt. Juliet,37122,36.189919793297,-86.513003610792,census,address (exact)
1325 rutland drive|mt. juliet|37122,1325 Rutland Drive,Mt. Juliet,37122,36.183722258264,-86.462193002322,census,address (exact)
1327 sydney terrace|mt. juliet|37122,1327 Sydney Terrace,Mt. Juliet,37122,36.205998842193,-86.559076137938,census,address (exact)
133 trice rd|lebanon|37087,133 Trice Rd,Lebanon,37087,36.260715783203,-86.329660067176,census,address (exact)
1331 w main st|lebanon|37087,1331 W. Main St,Lebanon,37087,36.214853065038,-86.326074764986,census,address (exact)
1334 w main st|lebanon|37087,1334 W. Main St.,Lebanon,37087,36.214747836013,-86.326130993571,census,address (exact)
134 windtree clb dr|mt. juliet|37122,134 Windtree Clb Dr,Mt. Juliet,37122,36.200055,-86.5186054,nominatim,city centroid
1340 w main st|lebanon|37087,1340 W Main St,Lebanon,37087,36.214999026083,-86.32686712554,census,address (exact)
1342 w main st|lebanon|37087,1342 W. Main St,Lebanon,37087,36.215043342193,-86.32699397058,census,address (exact)
1375 s bass dr|mt. juliet|37122,1375 S Bass Dr,Mt. Juliet,37122,36.208203794377,-86.523257303147,census,address (exact)
13751 lebanon rd|mt. juliet|37138,13751 Lebanon Rd,Mt. Juliet,37138,36.221329849755,-86.56082790816,census,address (non_exact)
13755 central pike|mt. juliet|37122,13755 Central Pike,Mt. Juliet,37122,36.136572224655,-86.423796530344,census,address (exact)
1383 westwood blvd|mt. juliet|37122,1383 Westwood Blvd,Mt. Juliet,37122,36.161023303481,-86.50843572724,census,address (exact)
140 dixie ave|lebanon|37087,140 Dixie Ave,Lebanon,37087,36.179749606903,-86.301185880093,census,address (non_exact)
1400 baddour pkwy|lebanon|37087,1400 Baddour Pkwy,Lebanon,37087,36.218538870052,-86.326246048834,census,address (non_exact)
1400 n mt juliet rd|mt. juliet|37122,1400 N Mt Juliet Rd,Mt. Juliet,37122,36.187476590311,-86.511227537041,census,address (exact)
1407 toshiba dr|lebanon|37087,1407 Toshiba Dr.,Lebanon,37087,36.231680452855,-86.322713602452,census,address (exact)
141 lake wood rd|lebanon|37087,141 Lake Wood Rd,Lebanon,37087,36.255756717293,-86.396144466585,census,address (exact)
1410 beckwith rd|mt. juliet|37122,1410 Beckwith Rd,Mt. Juliet,37122,36.212609408787,-86.472765267656,census,address (exact)
1410 n mt juliet rd|mt. juliet|37122,1410 N Mt Juliet Rd,Mt. Juliet,37122,36.188962700186,-86.512202536457,census,address (exact)
1412 wrightford drive|lebanon|37087,1412 Wrightford Drive,Lebanon,37087,36.22927804531,-86.276329780551,census,address (exact)
1412 wrightford dr|lebanon|37087,1412 Wrightford Dr,Lebanon,37087,36.22927804531,-86.276329780551,census,address (exact)
1416 w main st|lebanon|37087,1416 W Main St,Lebanon,37087,36.216457424326,-86.331014800959,census,address (exact)
1418 w main st|lebanon|37087,1418 W Main St,Lebanon,37087,36.216504061775,-86.331144337509,census,address (exact)
1419 toshiba dr|lebanon|37087,1419 Toshiba Dr,Lebanon,37087,36.232216131371,-86.325999045246,census,address (exact)
1420 alhambra dr|lebanon|37087,1420 Alhambra Dr.,Lebanon,37087,36.2346444,-86.3242323,nominatim,address
1420 n mt juliet rd|mt. juliet|37122,1420 N Mt. Juliet Rd,Mt. Juliet,37122,36.19028154447,-86.513566627339,census,address (exact)
1420 saddlecrest|mt. juliet|37122,1420 Saddlecrest,Mt. Juliet,37122,36.22743180723,-86.50017208946,census,address (exact)
1420 w main st|lebanon|37087,1420 W. Main St.,Lebanon,37087,36.216704343487,-86.331702569385,census,address (exact)
1423 w main st|lebanon|37087,1423 W. Main St.,Lebanon,37087,36.215963458792,-86.329293069497,census,address (exact)
1427 w main st|lebanon|37087,1427 W. Main St.,Lebanon,37087,36.216067625398,-86.329586366732,census,address (exact)
14270 lebanon rd|old hickory|37138,14270 Lebanon Rd,Old Hickory,37138,36.220625419412,-86.564544548441,census,address (exact)
143 s lovers ln|lebanon|37090,143 S Lovers Ln,Lebanon,37090,36.233458187169,-86.110184309382,census,address (exact)
1431 w main st|lebanon|37087,1431 W Main St,Lebanon,37087,36.216177670372,-86.329891067837,census,address (exact)
14310 lebanon rd|mt. juliet|37138,14310 Lebanon Rd,Mt. Juliet,37138,36.22050945575,-86.565086198921,census,address (non_exact)
1432 w main st 101-a|lebanon|37087,1432 W Main St 101-A,Lebanon,37087,36.217194597858,-86.333117158438,census,address (non_exact)
1439 w baddour pkwy|lebanon|37087,1439 W. Baddour Pkwy,Lebanon,37087,36.219542068882,-86.333173279961,census,address (exact)
144 walnut way|lebanon|37087,144 Walnut Way,Lebanon,37087,36.183297760631,-86.307717098096,census,address (exact)
14415 lebanon rd|old hickory|37138,14415 Lebanon Rd,Old Hickory,37138,36.220331322289,-86.566524318034,census,address (exact)
1443 west main st|lebanon|37087,1443 West Main St,Lebanon,37087,36.216507016026,-86.330804540781,census,address (exact)
1445 1/2 w main st|lebanon|37087,1445 1/2 W Main St,Lebanon,37087,36.21656200831,-86.33095675153,census,address (non_exact)
145 public square|lebanon|37087,145 Public Square,Lebanon,37087,36.2079779,-86.2910945,nominatim,city centroid
145 public sq|lebanon|37087,145 Public Sq,Lebanon,37087,36.2079779,-86.2910945,nominatim,city centroid
145 publicsquare|lebanon|37087,145 PublicSquare,Lebanon,37087,36.2079779,-86.2910945,nominatim,city centroid
145 square|lebanon|37087,145 Square,Lebanon,37087,36.2079779,-86.2910945,nominatim,city centroid
145 sq|lebanon|37087,145 Sq,Lebanon,37087,36.2079779,-86.2910945,nominatim,city centroid
1454 rutland dr b-1|mt. juliet|37122,1454 Rutland Dr B-1,Mt. Juliet,37122,36.182301070189,-86.459647178978,census,address (non_exact)
1457 main st|lebanon|37087,1457 Main St.,Lebanon,37087,36.217276230226,-86.332988738505,census,address (non_exact)
1459 w main st|lebanon|37087,1459 W Main St,Lebanon,37087,36.217305696114,-86.33307877314,census,address (exact)
1474 woodside dr|lebanon|37087,1474 Woodside Dr.,Lebanon,37087,36.209884112357,-86.334641932797,census,address (exact)
14795 lebanon rd|old hickory|37138,14795 Lebanon Rd.,Old Hickory,37138,36.219132137597,-86.572163668742,census,address (exact)
14801 lebanon rd|old hickory|37138,14801 Lebanon Rd,Old Hickory,37138,36.219093653823,-86.572337504394,census,address (exact)
14805 lebanon rd|old hickory|37138,14805 Lebanon Rd,Old Hickory,37138,36.219054646345,-86.572517914,census,address (exact)
14819 lebanon rd|old hickory|37138,14819 Lebanon Rd.,Old Hickory,37138,36.218923386922,-86.573150209561,census,address (exact)
14833 lebanon rd|old hickory|37138,14833 Lebanon Rd,Old Hickory,37138,36.218791443196,-86.573783732878,census,address (exact)
14835 lebanon rd|old hickory|37138,14835 Lebanon Rd,Old Hickory,37138,36.218772182468,-86.573874017548,census,address (exact)
14841 lebanon rd|old hickory|37138,14841 Lebanon Rd.,Old Hickory,37138,36.218728693819,-86.574081120269,census,address (exact)
150 eastgate ct|lebanon|37090,150 Eastgate Ct.,Lebanon,37090,36.185995603619,-86.410726658343,census,address (non_exact)
150 s eastgate ct|lebanon|37090,150 S. Eastgate Ct.,Lebanon,37090,36.185995603619,-86.410726658343,census,address (exact)
150 shephard st ne|cleveland|37311,150 Shephard St NE,Cleveland,37311,35.1595182,-84.8766115,nominatim,city centroid
1500 2nd ave s|nashville|37210,1500 2ND AVE S,Nashville,37210,36.140686599698,-86.761435172313,census,address (exact)
1500 braebury circle|nashville|37027,1500 Braebury Circle,Nashville,37027,36.019304110646,-86.739563272296,census,address (non_exact)
1500 franklin rd|lebanon|37090,1500 Franklin Rd,Lebanon,37090,36.18442473456,-86.322229824242,census,address (non_exact)
1500 w main st|lebanon|37087,1500 W Main St,Lebanon,37087,36.2147934,-86.3261011,nominatim,address
1504 noah court|lebanon|37087,1504 Noah Court,Lebanon,37087,36.215429419466,-86.337657689361,census,address (exact)
1504 w main st|lebanon|37087,1504 W. Main St,Lebanon,37087,36.218725676573,-86.337403988279,census,address (exact)
151 adams lane plz|mt. juliet|37122,151 Adams Lane Plz,Mt. Juliet,37122,36.168978295065,-86.517715974885,census,address (non_exact)
151 adams ln|mt. juliet|37122,151 Adams Ln,Mt. Juliet,37122,36.168978295065,-86.517715974885,census,address (exact)
1519 martha-leeville rd|lebanon|37090,1519 Martha-Leeville Rd,Lebanon,37090,36.208025289908,-86.414503118901,census,address (exact)
1526 n mt juliet rd|mt. juliet|37122,1526 N Mt Juliet Rd,Mt. Juliet,37122,36.192704123947,-86.516078257813,census,address (exact)
1530 hartmann drive|lebanon|37087,1530 Hartmann Drive,Lebanon,37087,36.2351775,-86.2774013,nominatim,address
15301 lebanon rd|mt. juliet|37138,15301 Lebanon Rd,Mt. Juliet,37138,36.217023951214,-86.58276378839,census,address (non_exact)
15301 lebanon rd|old hickory|37138,15301 Lebanon Rd,Old Hickory,37138,36.217023951214,-86.58276378839,census,address (exact)
15325 lebanon rd old hickory tn usa|mt. juliet|37138,15325 Lebanon Rd Old Hickory TN USA,Mt. Juliet,37138,36.217014534242,-86.582797532544,census,address (non_exact)
15325 lebanon rd|old hickory|37138,15325 Lebanon Rd,Old Hickory,37138,36.217014534242,-86.582797532544,census,address (exact)
155 legends dr.|lebanon|37087,155 Legends Dr.,Lebanon,37087,36.188870287458,-86.292644480578,census,address (exact)
155 legends drive|lebanon|37087,155 Legends Drive,Lebanon,37087,36.188870287458,-86.292644480578,census,address (exact)
155 legends dr|lebanon|37087,155 Legends Dr.,Lebanon,37087,36.188870287458,-86.292644480578,census,address (exact)
155 south eastgate court|lebanon|37090,155 South Eastgate Court,Lebanon,37090,36.186131362054,-86.410313728523,census,address (exact)
159 lawrence wy|lebanon|37087,159 Lawrence Wy,Lebanon,37087,36.340359139349,-86.221787148065,census,address (non_exact)
160 hwy 109 n|lebanon|37087,160 Hwy 109 N,Lebanon,37087,36.187092796484,-86.408540972995,census,address (non_exact)
1600 callis rd|lebanon|37090,1600 Callis Rd,Lebanon,37090,36.173885429685,-86.399019662153,census,address (exact)
1602 darwin way|mt. juliet|37122,1602 Darwin Way.,Mt. Juliet,37122,36.210364848688,-86.559106616981,census,address (exact)
161 n mt juliet rd|mt. juliet|37122,161 N Mt. Juliet Rd,Mt. Juliet,37122,36.173921304647,-86.513016009545,census,address (exact)
161 owl dr|lebanon|37087,161 Owl Dr,Lebanon,37087,36.251705403226,-86.443166831108,census,address (exact)
1619 wilson blvd|mt. juliet|37122,1619 Wilson Blvd.,Mt. Juliet,37122,36.208323761344,-86.551145273437,census,address (non_exact)
163 brighton lane|lebanon|37090,163 Brighton Lane,Lebanon,37090,36.2079779,-86.2910945,nominatim,city centroid
1639 murfreesboro rd|lebanon|37090,1639 Murfreesboro Rd.,Lebanon,37090,36.155764078491,-86.309395541349,census,address (exact)
1640 main st|lebanon|37087,1640 Main St.,Lebanon,37087,36.220363308119,-86.341965376116,census,address (non_exact)
1645 w main st|lebanon|37087,1645 W. Main St,Lebanon,37087,36.2203415339,-86.341545021559,census,address (exact)
1648 w main st|lebanon|37087,1648 W Main St,Lebanon,37087,36.220401282115,-86.342066640084,census,address (exact)
1659 franklin rd|lebanon|37090,1659 Franklin Rd,Lebanon,37090,36.180269241631,-86.329657605469,census,address (exact)
1672 w main st|lebanon|37087,1672 W. Main St.,Lebanon,37087,36.220835000665,-86.343294109589,census,address (exact)
1688 callis rd|lebanon|37090,1688 Callis Rd,Lebanon,37090,36.173740105335,-86.397662363473,census,address (exact)
1690 double log cabin rd|lebanon|37087,1690 Double Log Cabin Rd,Lebanon,37087,36.275042437392,-86.413189163486,census,address (exact)
1691 bluebird road|lebanon|37087,1691 Bluebird Road,Lebanon,37087,36.203179612126,-86.259579679991,census,address (exact)
1701 brian st|lebanon|37087,1701 Brian St.,Lebanon,37087,36.222970336602,-86.248549291533,census,address (exact)
1701 w main st|lebanon|37087,1701 W Main St,Lebanon,37087,36.221578332143,-86.345022097465,census,address (exact)
1705 summerfield dr|lebanon|37087,1705 Summerfield Dr.,Lebanon,37087,36.226550628605,-86.346310520599,census,address (exact)
1705 w main st|lebanon|37087,1705 W Main St,Lebanon,37087,36.221703878542,-86.345366338876,census,address (exact)
1709 arrow head dr|lebanon|37087,1709 Arrow Head Dr,Lebanon,37087,36.233556557633,-86.342716217457,census,address (exact)
171 n mt juliet rd|mt. juliet|37122,171 N. Mt. Juliet Rd,Mt. Juliet,37122,36.174030467113,-86.513017828912,census,address (exact)
1714 hourglass pointe|hixson|37343,1714 Hourglass Pointe,Hixson,37343,35.157433941866,-85.21434435864,census,address (exact)
1714 west main street|lebanon|37087,1714 West Main Street,Lebanon,37087,36.223558024231,-86.350708118288,census,address (exact)
1720 n mt juliet rd|mt. juliet|37122,1720 N Mt. Juliet Rd,Mt. Juliet,37122,36.194650714517,-86.518108751346,census,address (exact)
1722 n mt juliet rd|mt. juliet|37122,1722 N Mt. Juliet Rd,Mt. Juliet,37122,36.194670620959,-86.518129938892,census,address (exact)
1729 summercrest dr|lebanon|37087,1729 Summercrest Dr,Lebanon,37087,36.230229564168,-86.349922089527,census,address (exact)
173 village cir|lebanon|37087,173 Village Cir,Lebanon,37087,36.246990654493,-86.374619320116,census,address (exact)
1735 main st|lebanon|37087,1735 Main St.,Lebanon,37087,36.222448079936,-86.347396677145,census,address (non_exact)
1735 w main st|lebanon|37087,1735 W. Main St.,Lebanon,37087,36.222448079936,-86.347396677145,census,address (exact)
1739 w main st|lebanon|37087,1739 W Main St,Lebanon,37087,36.222524916765,-86.347599889367,census,address (exact)
175 cherokee dock rd|lebanon|37087,175 Cherokee Dock Rd,Lebanon,37087,36.33316105135,-86.431608007124,census,address (exact)
175 tennessee blvd|lebanon|37087,175 Tennessee Blvd.,Lebanon,37087,36.200046127124,-86.2913431948,census,address (exact)
"1760 linwood rd, watertown, tn, usa|watertown|37184","1760 Linwood Rd, Watertown, TN, USA",Watertown,37184,36.121280468933,-86.167730469082,census,address (non_exact)
1767 n mt juliet rd|mt. juliet|37122,1767 N Mt. Juliet Rd,Mt. Juliet,37122,36.194324959706,-86.517577421651,census,address (exact)
1795 old hwy|crossville|38572,1795 Old Hwy,Crossville,38572,35.9872611,-85.0356933,nominatim,address
1800 canton ct|lebanon|37087,1800 Canton Ct,Lebanon,37087,36.2079779,-86.2910945,nominatim,city centroid
1835 logue rd|mt. juliet|37122,1835 Logue Rd.,Mt. Juliet,37122,36.122024260116,-86.478052127056,census,address (exact)
1875 golden bear pkwy|mt. juliet|37122,1875 Golden Bear Pkwy,Mt. Juliet,37122,36.200055,-86.5186054,nominatim,city centroid
189 n mt juliet strm|mt. juliet|37122,189 N. Mt. Juliet Strm,Mt. Juliet,37122,36.174225328512,-86.513014700026,census,address (non_exact)
1900 couchville pike|mt. juliet|37122,1900 Couchville Pike,Mt. Juliet,37122,36.069407310323,-86.454525065049,census,address (exact)
1913 n mt juliet rd|mt. juliet|37122,1913 N Mt Juliet Rd,Mt. Juliet,37122,36.195717470135,-86.518967964231,census,address (exact)
1931 jarrell rd|lebanon|37087,1931 Jarrell Rd,Lebanon,37087,36.269834235357,-86.38045203325,census,address (exact)
195 lawrence wy|lebanon|37087,195 Lawrence Wy,Lebanon,37087,36.340531808084,-86.222413008231,census,address (non_exact)
1960 murfreesboro rd|lebanon|37090,1960 Murfreesboro Rd.,Lebanon,37090,36.14348753089,-86.316305882426,census,address (exact)
1975 providence pkwy|mt. juliet|37122,1975 Providence Pkwy,Mt. Juliet,37122,36.164506202135,-86.516871335567,census,address (exact)
1980 providence pkwy|mt. juliet|37122,1980 Providence Pkwy,Mt. Juliet,37122,36.164310539996,-86.516361195957,census,address (exact)
1982 providence pkwy|mt. juliet|37122,1982 Providence Pkwy,Mt. Juliet,37122,36.164297641404,-86.516290253727,census,address (exact)
1984 providence pkwy|mt. juliet|37122,1984 Providence Pkwy,Mt. Juliet,37122,36.164284742813,-86.516219311497,census,address (exact)
1995 s rutland rd|mt. juliet|37122,1995 S Rutland Rd.,Mt. Juliet,37122,36.167183986658,-86.48046892205,census,address (exact)
1995 south rutland rd|mt. juliet|37122,1995 South Rutland Rd.,Mt. Juliet,37122,36.167183986658,-86.48046892205,census,address (exact)
2 holmes gap rd|brush creek|38547,2 Holmes Gap Rd,Brush Creek,38547,36.117536435662,-86.027659611877,census,address (exact)
20 blair ln|lebanon|37087,20 Blair Ln,Lebanon,37087,36.2125274,-86.3465002,nominatim,address
200 crossing ln.|mt. juliet|37122,200 Crossing Ln.,Mt. Juliet,37122,36.16616895085,-86.514477650196,census,address (non_exact)
200 crossing ln|mt. juliet|37122,200 Crossing Ln.,Mt. Juliet,37122,36.16616895085,-86.514477650196,census,address (non_exact)
200 five oaks blvd|lebanon|37087,200 Five Oaks Blvd,Lebanon,37087,36.233829129906,-86.386611922604,census,address (exact)
200 legends drive|lebanon|37087,200 Legends Drive,Lebanon,37087,36.188682466929,-86.291381116618,census,address (exact)
200 maddox-simpson pkwy|lebanon|37090,200 Maddox-simpson Pkwy,Lebanon,37090,36.173484406333,-86.299112230246,census,address (exact)
2000 buckhead trail|mt. juliet|37122,2000 Buckhead Trail,Mt. Juliet,37122,36.200055,-86.5186054,nominatim,city centroid
2000 buckhead trl|mt. juliet|37122,2000 Buckhead Trl,Mt. Juliet,37122,36.200055,-86.5186054,nominatim,city centroid
2000 hartmann plantation ct|lebanon|37090,2000 Hartmann Plantation Ct.,Lebanon,37090,36.1922725,-86.338065,nominatim,address
2001 brookstone blvd|mt. juliet|37122,2001 Brookstone Blvd.,Mt. Juliet,37122,36.203370330483,-86.5323652326,census,address (non_exact)
2002 julie dr|mt. juliet|37122,2002 Julie Dr,Mt. Juliet,37122,36.193129913546,-86.525151859442,census,address (exact)
201 e market st|lebanon|37087,201 E Market St,Lebanon,37087,36.20898569682,-86.289484715396,census,address (exact)
201 north cumberland street|lebanon|37087,201 North Cumberland Street,Lebanon,37087,36.209140739682,-86.290845674185,census,address (exact)
2014 providence pkwy|mt. juliet|37122,2014 Providence Pkwy,Mt. Juliet,37122,36.163707533578,-86.511305389922,census,address (exact)
2015 golden bear gateway|mt. juliet|37122,2015 Golden Bear Gateway,Mt. Juliet,37122,36.2074867,-86.4970707,nominatim,address
202 hagen road|lebanon|37087,202 Hagen Road,Lebanon,37087,36.2079779,-86.2910945,nominatim,city centroid
203 carver lane|lebanon|37087,203 Carver Lane.,Lebanon,37087,36.223323835098,-86.335417654609,census,address (exact)
203 carver ln|lebanon|37087,203 Carver Ln.,Lebanon,37087,36.223323835098,-86.335417654609,census,address (exact)
203 s maple st|lebanon|37087,203 S Maple St,Lebanon,37087,36.204900822742,-86.29286742484,census,address (exact)
2034 n mt juliet rd|mt. juliet|37122,2034 N. Mt. Juliet Rd.,Mt. Juliet,37122,36.198269349453,-86.519312447701,census,address (exact)
2037 n mt juliet rd|mt. juliet|37122,2037 N Mt. Juliet Rd,Mt. Juliet,37122,36.198594923715,-86.519114532648,census,address (exact)
2037 n mt juliet road|mt. juliet|37122,2037 N. Mt. Juliet Road,Mt. Juliet,37122,36.198594923715,-86.519114532648,census,address (exact)
204 east main street|lebanon|37087,204 East Main Street,Lebanon,37087,36.207751056813,-86.289326799498,census,address (exact)
2049 n mt juliet rd|mt. juliet|37122,2049 N Mt Juliet Rd,Mt. Juliet,37122,36.198944187092,-86.519055939102,census,address (exact)
205 meandering dr|lebanon|37087,205 Meandering Dr.,Lebanon,37087,36.18775623743,-86.380295358161,census,address (non_exact)
205 meandering way|lebanon|37087,205 Meandering Way,Lebanon,37087,36.18775623743,-86.380295358161,census,address (non_exact)
205 s eastgate ct|lebanon|37090,205 S. Eastgate ct,Lebanon,37090,36.185882406199,-86.410705937839,census,address (exact)
2059 n mt juliet rd|mt. juliet|37122,2059 N Mt Juliet Rd,Mt. Juliet,37122,36.199235239906,-86.519007111148,census,address (exact)
206 carver ln|lebanon|37087,206 Carver Ln,Lebanon,37087,36.222362235889,-86.336171766524,census,address (exact)
207 oakdale dr|lebanon|37087,207 Oakdale Dr.,Lebanon,37087,36.225140161007,-86.286935980434,census,address (exact)
208 east main street|watertown|37184,208 East Main Street,Watertown,37184,36.100159336041,-86.132710627463,census,address (exact)
208 east market street|lebanon|37087,208 East Market Street,Lebanon,37087,36.208844352238,-86.289264121085,census,address (exact)
209 pine rock ct|nashville|37013,209 Pine Rock Ct,Nashville,37013,36.053266165972,-86.58822560302,census,address (non_exact)
2099 n mt juliet rd|mt. juliet|37122,2099 N Mt. Juliet Rd,Mt. Juliet,37122,36.200519809484,-86.518771646788,census,address (exact)
210 west high street|lebanon|37087,210 West High Street,Lebanon,37087,36.212542063888,-86.29199119614,census,address (exact)
2100 safari camp rd|lebanon|37090,2100 Safari Camp Rd,Lebanon,37090,36.1813619,-86.405207,nominatim,address
211 netherlands blvd|lebanon|37087,211 Netherlands Blvd,Lebanon,37087,36.1875542,-86.3990901,nominatim,address
213 n cumberland st|lebanon|37087,213 N Cumberland St,Lebanon,37087,36.209285719072,-86.29082567702,census,address (exact)
214 w division st|mt. juliet|37122,214 W. Division St,Mt. Juliet,37122,36.201211754218,-86.521991283063,census,address (exact)
2160 cainsville road|lebanon|37090,2160 Cainsville Road,Lebanon,37090,36.174635300419,-86.272163028477,census,address (exact)
220 n greenhill rd|mt. juliet|37122,220 N Greenhill Rd,Mt. Juliet,37122,36.227882943299,-86.543037293643,census,address (exact)
221 west gay street|lebanon|37087,221 West Gay Street,Lebanon,37087,36.20719507032,-86.294193656879,census,address (exact)
2231 n mt juliet rd|mt. juliet|37122,2231 N Mt. Juliet Rd,Mt. Juliet,37122,36.201186366806,-86.518659846211,census,address (exact)
2232 n mt juliet rd|mt. juliet|37122,2232 N Mt. Juliet Rd,Mt. Juliet,37122,36.201145643842,-86.518809387916,census,address (exact)
2234 n mt juliet rd|mt. juliet|37122,2234 N Mt Juliet Rd.,Mt. Juliet,37122,36.201162609531,-86.518806721878,census,address (exact)
2236 n mt juliet rd|mt. juliet|37122,2236 N Mt Juliet Rd,Mt. Juliet,37122,36.201179575221,-86.51880405584,census,address (exact)
224 w main ctr|lebanon|37087,224 W. Main Ctr,Lebanon,37087,36.208236488359,-86.294203464133,census,address (non_exact)
224 west main street|lebanon|37087,224 West Main Street,Lebanon,37087,36.208236488359,-86.294203464133,census,address (exact)
2240 n mt juliet rd|mt. juliet|37122,2240 N Mt Juliet Rd,Mt. Juliet,37122,36.201213506599,-86.518798723764,census,address (exact)
225 e market st|lebanon|37087,225 E. Market St.,Lebanon,37087,36.208900047927,-86.288761759725,census,address (exact)
225 stumpy lane|lebanon|37090,225 Stumpy Lane.,Lebanon,37090,36.166521,-86.3027069,nominatim,address
226 hickory point drive|lebanon|37087,226 Hickory Point Drive,Lebanon,37087,36.203171867146,-86.361367998268,census,address (exact)
226 university ave|lebanon|37087,226 University Ave.,Lebanon,37087,36.203622320168,-86.295678800819,census,address (exact)
227 ansley wy|lebanon|37087,227 Ansley Wy,Lebanon,37087,36.2204635,-86.3371691,nominatim,address
229 west gay street|lebanon|37087,229 West Gay Street,Lebanon,37087,36.207214398299,-86.29439660054,census,address (exact)
23 bridgeport way|mt. juliet|37122,23 Bridgeport Way,Mt. Juliet,37122,36.200055,-86.5186054,nominatim,city centroid
231 green harbor rd|old hickory|37138,231 Green Harbor Rd.,Old Hickory,37138,36.244587820205,-86.582359530843,census,address (exact)
2320 n mt juliet rd|mt. juliet|37122,2320 N Mt Juliet Rd,Mt. Juliet,37122,36.202090341348,-86.51866068965,census,address (exact)
234 hunters creek blvd|lebanon|37087,234 Hunters Creek Blvd,Lebanon,37087,36.228020607267,-86.294263931718,census,address (exact)
2341 shallowford village dr|chattanooga|37421,2341 Shallowford Village Dr.,Chattanooga,37421,35.044434632007,-85.156760874928,census,address (exact)
2346 devonshire dr|old hickory|37138,2346 Devonshire Dr,Old Hickory,37138,36.205956395696,-86.575235894322,census,address (exact)
2365 n mt juliet rd|mt. juliet|37122,2365 N Mt Juliet Rd,Mt. Juliet,37122,36.202953933712,-86.51838364872,census,address (exact)
240 cobblestone landing|mt. juliet|37122,240 Cobblestone Landing,Mt. Juliet,37122,36.193623258236,-86.574558133075,census,address (exact)
240 fiberglass dr|mt. juliet|37122,240 Fiberglass Dr,Mt. Juliet,37122,36.199458737628,-86.514324557495,census,address (exact)
240 fiberglass rd|mt. juliet|37122,240 Fiberglass Rd,Mt. Juliet,37122,36.199458737628,-86.514324557495,census,address (non_exact)
245 argea dr mt juliet tn usa|mt. juliet|37122,245 Argea Dr Mt Juliet TN USA,Mt. Juliet,37122,36.200055,-86.5186054,nominatim,city centroid
245 n mt juliet rd|mt. juliet|37122,245 N. Mt Juliet Rd.,Mt. Juliet,37122,36.174914875703,-86.512984578051,census,address (exact)
25 w division st|mt. juliet|37122,25 W. Division St.,Mt. Juliet,37122,36.199800152914,-86.519427298389,census,address (exact)
2500 aventura drive|mt. juliet|37122,2500 Aventura Drive,Mt. Juliet,37122,36.200055,-86.5186054,nominatim,city centroid
2500 aventura dr|mt. juliet|37122,2500 Aventura Dr,Mt. Juliet,37122,36.200055,-86.5186054,nominatim,city centroid
2521 west division st|mt. juliet|37122,2521 West Division St.,Mt. Juliet,37122,36.202563597354,-86.55940362189,census,address (exact)
2536 coles ferry pike|lebanon|37087,2536 Coles Ferry Pike,Lebanon,37087,36.239927629812,-86.313463561075,census,address (exact)
255 walnut way|lebanon|37087,255 Walnut Way,Lebanon,37087,36.183179248228,-86.307550539358,census,address (exact)
2625 shop springs rd|watertown|37184,2625 Shop Springs Rd,Watertown,37184,36.162824805651,-86.203534593471,census,address (exact)
2645 hwy 109 n|lebanon|37090,2645 Hwy 109 N,Lebanon,37090,36.219393506001,-86.423787730962,census,address (non_exact)
2645 tn-109 3305|lebanon|37090,2645 TN-109 3305,Lebanon,37090,36.2079779,-86.2910945,nominatim,city centroid
2645 tn-109|lebanon|37090,2645 TN-109,Lebanon,37090,36.2079779,-86.2910945,nominatim,city centroid
2654 n mt juliet rd|mt. juliet|37122,2654 N. Mt. Juliet Rd,Mt. Juliet,37122,36.206789042804,-86.517134172955,census,address (exact)
271 n mt juliet rd|mt. juliet|37122,271 N. Mt Juliet Rd.,Mt. Juliet,37122,36.175188974463,-86.51296052285,census,address (exact)
2810 sparta pike|lebanon|37090,2810 Sparta Pike,Lebanon,37090,36.138082069674,-86.223499246924,census,address (exact)
286 nonaville rd|mt. juliet|37122,286 Nonaville Rd,Mt. Juliet,37122,36.234635984739,-86.53013432648,census,address (exact)
2905 n mt juliet rd|mt. juliet|37122,2905 N Mt Juliet Rd,Mt. Juliet,37122,36.209768860903,-86.516218715239,census,address (exact)
2905 n mt juliet road|mt. juliet|37122,2905 N Mt. Juliet Road,Mt. Juliet,37122,36.209768860903,-86.516218715239,census,address (exact)
2914 watauga rd|johnson city|37601,2914 Watauga Rd.,Johnson City,37601,36.359226988275,-82.316468731561,census,address (exact)
2940 s rutland rd|mt. juliet|37122,2940 S Rutland Rd,Mt. Juliet,37122,36.166002438059,-86.463831195004,census,address (exact)
2951 mallard dr|lebanon|37090,2951 Mallard Dr,Lebanon,37090,36.1675571,-86.4010383,nominatim,address
30 old pleasant grove rd|mt. juliet|37122,30 Old Pleasant Grove Rd.,Mt. Juliet,37122,36.173952468593,-86.515205207714,census,address (exact)
300 duke dr|lebanon|37090,300 Duke Dr.,Lebanon,37090,36.125700674449,-86.406596493829,census,address (exact)
300 east high street|lebanon|37087,300 East High Street,Lebanon,37087,36.211887641212,-86.286004295042,census,address (exact)
300 north maple street|lebanon|37087,300 North Maple Street Suite 4-135,Lebanon,37087,36.20341477679,-86.293230271475,census,address (non_exact)
300 north maple street|lebanon|37090,300 North Maple Street Suite 4-155,Lebanon,37090,36.2079779,-86.2910945,nominatim,city centroid
300 pleasant grove rd.|mt. juliet|37122,300 Pleasant Grove Rd.,Mt. Juliet,37122,36.178134158509,-86.51261897855,census,address (exact)
300 pleasant grove rd|mt. juliet|37122,300 Pleasant Grove Rd.,Mt. Juliet,37122,36.178134158509,-86.51261897855,census,address (exact)
301 west main street|watertown|37184,301 West Main Street,Watertown,37184,36.099404403591,-86.137180657716,census,address (exact)
3015 kingston cir n|mt. juliet|37122,3015 Kingston Cir N,Mt. Juliet,37122,36.166369040189,-86.503302930831,census,address (exact)
304 hill st|lebanon|37087,304 Hill St,Lebanon,37087,36.211262188917,-86.296236216397,census,address (exact)
3045 nichols vale ln|mt. juliet|37122,3045 Nichols Vale Ln,Mt. Juliet,37122,36.224949010276,-86.531743248764,census,address (exact)
305 barton ferry ct|lebanon|37087,305 Barton Ferry Ct,Lebanon,37087,36.280313332293,-86.374920133886,census,address (exact)
306 sunderland dr|mt. juliet|37122,306 Sunderland Dr,Mt. Juliet,37122,36.200055,-86.5186054,nominatim,city centroid
3065 murfreesboro road|lebanon|37090,3065 Murfreesboro Road,Lebanon,37090,36.121495779944,-86.32479428754,census,address (exact)
307 g west main street|lebanon|37087,307 G West Main Street,Lebanon,37087,36.208625741047,-86.296833174616,census,address (non_exact)
307 w main street|lebanon|37087,307 W. Main Street,Lebanon,37087,36.208625741047,-86.296833174616,census,address (exact)
307 w main st|lebanon|37087,307 W. Main St.,Lebanon,37087,36.208625741047,-86.296833174616,census,address (exact)
307 west main street|lebanon|37087,307 West Main Street,Lebanon,37087,36.208625741047,-86.296833174616,census,address (exact)
308 providence dr|lebanon|37087,308 Providence Dr,Lebanon,37087,36.2078114,-86.3366164,nominatim,address
310 purple tiger dr|watertown|37184,310 Purple Tiger Dr.,Watertown,37184,36.100095899949,-86.158931729067,census,address (exact)
3100 oxford dr|mt. juliet|37122,3100 Oxford Dr,Mt. Juliet,37122,36.189691136667,-86.539753589442,census,address (exact)
311 w main st|lebanon|37087,311 W Main St,Lebanon,37087,36.208670281552,-86.297269330343,census,address (exact)
311 west main street|lebanon|37087,311 West Main Street,Lebanon,37087,36.208670281552,-86.297269330343,census,address (exact)
311 west main st|lebanon|37087,311 West Main St,Lebanon,37087,36.208670281552,-86.297269330343,census,address (exact)
317 scotts creek pl|nashville|37076,317 Scotts Creek Pl,Nashville,37076,36.203475111253,-86.593968635223,census,address (non_exact)
3188 poplar hill rd|watertown|37184,3188 Poplar Hill Rd,Watertown,37184,36.161533036132,-86.197302736714,census,address (exact)
319 w hills dr|chattanooga|37419,319 W Hills Dr,Chattanooga,37419,35.022363766286,-85.408325366171,census,address (non_exact)
319 w main st|lebanon|37087,319 W. Main St.,Lebanon,37087,36.208695499483,-86.297494845288,census,address (exact)
3193 s mt juliet rd|mt. juliet|37122,3193 S Mt Juliet Rd,Mt. Juliet,37122,36.126346630677,-86.519034030901,census,address (exact)
3193 south mount juliet rd siute 210|mt. juliet|37122,3193 South Mount Juliet Rd Siute 210,Mt. Juliet,37122,36.126346630677,-86.519034030901,census,address (non_exact)
3193 south mount juliet rd|mt. juliet|37122,3193 South Mount Juliet Rd,Mt. Juliet,37122,36.126346630677,-86.519034030901,census,address (exact)
3195 s mt juliet rd|mt. juliet|37122,3195 S Mt Juliet Rd,Mt. Juliet,37122,36.126268524926,-86.519020173436,census,address (exact)
3195 south mt juliet rd|mt. juliet|37122,3195 South Mt. Juliet Rd,Mt. Juliet,37122,36.126268524926,-86.519020173436,census,address (exact)
320 woodland st|watertown|37184,320 Woodland St,Watertown,37184,36.100941454681,-86.137644704545,census,address (non_exact)
322 mcclain ave|lebanon|37037,322 Mcclain Ave.,Lebanon,37037,36.202632126461,-86.299995538677,census,address (non_exact)
322 mcclain ave|lebanon|37087,322 Mcclain Ave.,Lebanon,37087,36.202632126461,-86.299995538677,census,address (exact)
324 mcclain ave|lebanon|37087,324 McClain Ave.,Lebanon,37087,36.202640122958,-86.3000680069,census,address (exact)
3244 swindell hollow rd lebanon tn usa|lebanon|37090,3244 Swindell Hollow Rd Lebanon TN USA,Lebanon,37090,36.21300468353,-86.127261532407,census,address (non_exact)
"3244 swindell hollow rd, lebanon, tn, usa|lebanon|37090","3244 Swindell Hollow Rd, Lebanon, TN, USA",Lebanon,37090,36.21300468353,-86.127261532407,census,address (non_exact)
3244 swindell hollow rd|lebanon|37090,3244 Swindell Hollow Rd,Lebanon,37090,36.21300468353,-86.127261532407,census,address (exact)
325 a hwy 109 n|lebanon|37090,325 A Hwy 109 N,Lebanon,37090,36.188926478359,-86.409131802231,census,address (non_exact)
3251 s mt juliet rd|rural hill|37076,3251 S Mt Juliet Rd,Rural Hill,37076,36.125111801981,-86.518943576001,census,address (non_exact)
326 s mt juliet rd|mt. juliet|37122,326 S. Mt. Juliet Rd.,Mt. Juliet,37122,36.17884565184,-86.512491197573,census,address (non_exact)
328 cedars of lebanon rd|lebanon|37090,328 Cedars Of Lebanon Rd.,Lebanon,37090,36.2079779,-86.2910945,nominatim,city centroid
328 north cumberland street|lebanon|37087,328 North Cumberland Street,Lebanon,37087,36.210999362891,-86.290698685793,census,address (exact)
329 north cumberland street|lebanon|37087,329 North Cumberland Street,Lebanon,37087,36.21098434948,-86.290557886422,census,address (exact)
332 victoria dr|lebanon|37090,332 Victoria Dr,Lebanon,37090,36.2079779,-86.2910945,nominatim,city centroid
3325 tn-109 109|lebanon|37090,3325 TN-109 109,Lebanon,37090,36.229521574187,-86.427586619754,census,address (non_exact)
3356 cairo bend rd|lebanon|37087,3356 Cairo Bend Rd,Lebanon,37087,36.281639519858,-86.387840613615,census,address (exact)
3384 n mt juliet rd|mt. juliet|37122,3384 N Mt. Juliet Rd,Mt. Juliet,37122,36.217271505432,-86.515595135956,census,address (exact)
340 s cumberland st|lebanon|37087,340 S Cumberland St,Lebanon,37087,36.201660740774,-86.292081648031,census,address (exact)
340 south cumberland street|lebanon|37087,340 South Cumberland Street,Lebanon,37087,36.201660740774,-86.292081648031,census,address (exact)
3400 fawns creek crossing|mt. juliet|37122,3400 Fawns Creek Crossing,Mt. Juliet,37122,36.200055,-86.5186054,nominatim,city centroid
3414 percy priest drive|nashville|37214,3414 Percy Priest Drive,Nashville,37214,36.153074886327,-86.630384022017,census,address (exact)
3423 percy priest drive|nashville|37214,3423 Percy Priest Drive,Nashville,37214,36.15291554971,-86.630138033297,census,address (exact)
343 gibson drive|lebanon|37087,343 Gibson Drive,Lebanon,37087,36.246958619194,-86.43852219864,census,address (exact)
348 south cumberland street|lebanon|37087,348 South Cumberland Street,Lebanon,37087,36.201452060582,-86.29211279434,census,address (exact)
35 old pleasant grove rd|mt. juliet|37122,35 Old Pleasant Grove Rd,Mt. Juliet,37122,36.173664593222,-86.514031834638,census,address (exact)
350 hwy 109 n|lebanon|37090,350 Hwy 109 N,Lebanon,37090,36.189611148717,-86.409924176012,census,address (exact)
350 s mt juliet rd|mt. juliet|37122,350 S. Mt. Juliet Rd.,Mt. Juliet,37122,36.178981780769,-86.512467522969,census,address (non_exact)
3521 lebanon rd|lebanon|37087,3521 Lebanon Rd,Lebanon,37087,36.231684665082,-86.382317084924,census,address (exact)
355 pleasant grove rd|mt. juliet|37122,355 Pleasant Grove Rd.,Mt. Juliet,37122,36.177694853268,-86.514717919288,census,address (exact)
3560 n mt juliet rd|mt. juliet|37122,3560 N Mt. Juliet Rd,Mt. Juliet,37122,36.220129189624,-86.515181542222,census,address (exact)
3565 mt juliet rd|mt. juliet|37122,3565 Mt. Juliet Rd.,Mt. Juliet,37122,36.220151305869,-86.515035285115,census,address (non_exact)
3565 n mt juliet rd|mt. juliet|37122,3565 N. Mt. Juliet Rd.,Mt. Juliet,37122,36.220151305869,-86.515035285115,census,address (exact)
3581 benders ferry rd|mt. juliet|37122,3581 Benders Ferry Rd.,Mt. Juliet,37122,36.282207195398,-86.500301431142,census,address (exact)
3582 n mt juliet rd|mt. juliet|37122,3582 N Mt Juliet Rd,Mt. Juliet,37122,36.220368650727,-86.51514652667,census,address (exact)
3609 wallaby pl|mt. juliet|37122,3609 Wallaby Pl,Mt. Juliet,37122,36.210615284007,-86.562025627514,census,address (exact)
365 s hartmann dr|lebanon|37087,365 S Hartmann Dr,Lebanon,37087,36.201906903836,-86.328641562916,census,address (exact)
365 south hartmann drive 100|lebanon|37087,365 South Hartmann Drive 100,Lebanon,37087,36.201906903836,-86.328641562916,census,address (non_exact)
3655 n mt juliet rd|mt. juliet|37122,3655 N Mt. Juliet Rd,Mt. Juliet,37122,36.221340262585,-86.514864015683,census,address (exact)
368 quarry loop rd|mt. juliet|37122,368 Quarry Loop Rd,Mt. Juliet,37122,36.231025957555,-86.430604145906,census,address (exact)
3690 n mt juliet rd|mt. juliet|37122,3690 N Mt. Juliet Rd,Mt. Juliet,37122,36.221704167713,-86.514954555398,census,address (exact)
380 hwy|lebanon|37087,380 Hwy,Lebanon,37087,36.2111604,-86.2723855,nominatim,address
3800 bedford avenue|nashville|37215,3800 BEDFORD AVENUE,Nashville,37215,36.108236425853,-86.820323869273,census,address (exact)
3844 big springs rd|lebanon|37090,3844 Big Springs Rd,Lebanon,37090,36.228115555349,-86.173706720731,census,address (exact)
3907 swindell hollow rd|lebanon|37090,3907 Swindell Hollow Rd,Lebanon,37090,36.203297303854,-86.127124204057,census,address (exact)
3910 nolensville pk|nashville|37211,3910 Nolensville Pk,Nashville,37211,36.086073488345,-86.729256946457,census,address (exact)
3950 n mt juliet rd|mt. juliet|37122,3950 N Mt. Juliet Rd,Mt. Juliet,37122,36.225643954068,-86.514377427602,census,address (exact)
"398 burford rd, lebanon, tn, usa|lebanon|37087","398 Burford Rd, Lebanon, TN, USA",Lebanon,37087,36.284966179134,-86.281014334397,census,address (non_exact)
398 burford rd|lebanon|37087,398 Burford Rd,Lebanon,37087,36.284966179134,-86.281014334397,census,address (exact)
3993 n mt juliet rd|mt. juliet|37122,3993 N Mt. Juliet Rd,Mt. Juliet,37122,36.225947441955,-86.514189999354,census,address (exact)
40 hathaway lane|lebanon|37087,40 Hathaway Lane,Lebanon,37087,36.2079779,-86.2910945,nominatim,city centroid
400 maddox rd|mt. juliet|37122,400 Maddox Rd,Mt. Juliet,37122,36.200055,-86.5186054,nominatim,city centroid
400 traditions wy|lebanon|37087,400 Traditions Wy,Lebanon,37087,36.2079779,-86.2910945,nominatim,city centroid
"4005 meadow knoll ln, mt juliet, tn, usa|mt. juliet|37122","4005 Meadow Knoll Ln, Mt. Juliet, TN, USA",Mt. Juliet,37122,36.200055,-86.5186054,nominatim,city centroid
401 hwy|lebanon|37087,401 Hwy,Lebanon,37087,36.2111604,-86.2723855,nominatim,address
401 nonaville rd|mt. juliet|37122,401 Nonaville Rd,Mt. Juliet,37122,36.235909278484,-86.530808308808,census,address (exact)
401 old pleasant grove rd leasing office|mt. juliet|37122,401 Old Pleasant Grove Rd Leasing Office,Mt. Juliet,37122,36.174481945322,-86.519775544638,census,address (non_exact)
401 old pleasant grove rd|mt. juliet|37122,401 Old Pleasant Grove Rd,Mt. Juliet,37122,36.174481945322,-86.519775544638,census,address (exact)
401 s cumberland st|lebanon|37087,401 S. Cumberland St.,Lebanon,37087,36.20018571911,-86.292129426195,census,address (exact)
401 s mt juliet rd ste|mt. juliet|37122,401 S. Mt. Juliet Rd. STE,Mt. Juliet,37122,36.16615834713,-86.514342790437,census,address (non_exact)
"401 s mt juliet rd., ste|mt. juliet|37122","401 S. Mt. Juliet Rd., STE",Mt. Juliet,37122,36.16615834713,-86.514342790437,census,address (non_exact)
401 s mt juliet rd.|mt. juliet|37122,401 S Mt Juliet Rd.,Mt. Juliet,37122,36.16615834713,-86.514342790437,census,address (exact)
401 s mt juliet rd|mt. juliet|37122,401 S Mt Juliet Rd,Mt. Juliet,37122,36.16615834713,-86.514342790437,census,address (exact)
401 tn-109|lebanon|37090,401 TN-109,Lebanon,37090,36.2079779,-86.2910945,nominatim,city centroid
4011 dell drive|mt. juliet|37122,4011 Dell Drive,Mt. Juliet,37122,36.111173372735,-86.511960959683,census,address (exact)
402 e main st|lebanon|37087,402 E Main St,Lebanon,37087,36.207358837377,-86.285030211855,census,address (exact)
4040 n mt juliet rd|mt. juliet|37122,4040 N Mt Juliet Rd,Mt. Juliet,37122,36.226870812827,-86.514202659151,census,address (exact)
4041 n mt juliet rd|mt. juliet|37122,4041 N. Mt. Juliet Rd.,Mt. Juliet,37122,36.226681327606,-86.514086878007,census,address (exact)
4066 n mt juliet rd|mt. juliet|37122,4066 N Mt. Juliet Rd,Mt. Juliet,37122,36.227318067253,-86.514134955475,census,address (exact)
408 public square|watertown|37184,408 Public Square,Watertown,37184,36.099851726596,-86.133906672457,census,address (exact)
410 w main st|lebanon|37087,410 W. Main St.,Lebanon,37087,36.208840136076,-86.300033495685,census,address (exact)
4110 n mt juliet rd|mt. juliet|37122,4110 N Mt. Juliet Rd,Mt. Juliet,37122,36.228075457962,-86.514023389522,census,address (exact)
4112 n mt juliet rd|mt. juliet|37122,4112 N Mt Juliet Rd,Mt. Juliet,37122,36.228188617144,-86.514006466775,census,address (exact)
4114 poplar hill rd|watertown|37184,4114 Poplar Hill Rd,Watertown,37184,36.157602069965,-86.184079933815,census,address (exact)
412 north cumberland street|lebanon|37087,412 North Cumberland Street,Lebanon,37087,36.212627387301,-86.290421135599,census,address (exact)
4128 n mt juliet rd|mt. juliet|37122,4128 N Mt. Juliet Rd,Mt. Juliet,37122,36.228611685096,-86.513946028473,census,address (exact)
4134 n mt juliet rd|mt. juliet|37122,4134 N. Mt. Juliet Rd.,Mt. Juliet,37122,36.22877058219,-86.513922870508,census,address (exact)
4136 n mt juliet rd|mt. juliet|37122,4136 N Mt. Juliet Rd,Mt. Juliet,37122,36.228823433993,-86.513914982176,census,address (exact)
415 harding dr|lebanon|37087,415 Harding Dr,Lebanon,37087,36.20272963999,-86.285587708167,census,address (exact)
415 rome pike|lebanon|37087,415 Rome Pike,Lebanon,37087,36.213008947639,-86.279550454767,census,address (exact)
415 west main street|lebanon|37087,415 West Main Street,Lebanon,37087,36.20902954186,-86.300707884147,census,address (exact)
4161 n mt juliet road|mt. juliet|37122,4161 N Mt. Juliet Road,Mt. Juliet,37122,36.230445259215,-86.513514860614,census,address (exact)
419 high school dr|lebanon|37090,419 High School Dr.,Lebanon,37090,36.2079779,-86.2910945,nominatim,city centroid
419 wildcat way|lebanon|37090,419 Wildcat Way,Lebanon,37090,36.131973781617,-86.399415625171,census,address (exact)
4196 birmingham rd|lebanon|37090,4196 Birmingham Rd,Lebanon,37090,36.2315379,-86.3950829,nominatim,address
427 s college|lebanon|37087,427 S. College,Lebanon,37087,36.199010533915,-86.291110933455,census,address (non_exact)
4280 maxwell rd|antioch|37013,4280 Maxwell Rd,Antioch,37013,36.036463555925,-86.578542230166,census,address (exact)
4305 old lebanon dirt rd|mt. juliet|37122,4305 Old Lebanon Dirt Rd.,Mt. Juliet,37122,36.192315341806,-86.520050292552,census,address (exact)
4314 lebanon rd|lebanon|37087,4314 Lebanon Rd,Lebanon,37087,36.237525589101,-86.394239416918,census,address (exact)
435 nw rutland rd|mt. juliet|37122,435 NW. Rutland Rd.,Mt. Juliet,37122,36.179850718893,-86.50499824457,census,address (exact)
437 cobblestone way|mt. juliet|37122,437 Cobblestone Way,Mt. Juliet,37122,36.108359457559,-86.423457260327,census,address (exact)
439 hwy 109 n|lebanon|37090,439 Hwy 109 N,Lebanon,37090,36.190184087464,-86.409821704353,census,address (non_exact)
"440 park avenue, lebanon, tn, usa|lebanon|37087","440 Park Avenue, Lebanon, TN, USA",Lebanon,37087,36.206039767645,-86.28406813098,census,address (non_exact)
440 park avenue|lebanon|37087,440 Park Avenue,Lebanon,37087,36.206039767645,-86.28406813098,census,address (exact)
440 park ave|lebanon|37087,440 Park Ave,Lebanon,37087,36.206039767645,-86.28406813098,census,address (exact)
44104 bartons run trce|lebanon|37090,44104 Bartons Run Trce,Lebanon,37090,36.178181697855,-86.332364617238,census,address (exact)
444 sullivan bend rd|mt. juliet|37122,444 Sullivan Bend Rd,Mt. Juliet,37122,36.175843959816,-86.430417592747,census,address (exact)
4455 benders ferry road|mt. juliet|37122,4455 Benders Ferry Road,Mt. Juliet,37122,36.293678964218,-86.497767963008,census,address (exact)
447 hwy 109 n|lebanon|37090,447 Hwy 109 N,Lebanon,37090,36.19022774089,-86.409845561452,census,address (non_exact)
447 tn-109|lebanon|37090,447 TN-109,Lebanon,37090,36.2079779,-86.2910945,nominatim,city centroid
450 cherokee dock rd|lebanon|37087,450 Cherokee Dock Rd,Lebanon,37087,36.334289791133,-86.429673114197,census,address (exact)
451 hwy 109 n|lebanon|37000,451 HWY 109 N,Lebanon,37000,36.190249567602,-86.409857490002,census,address (non_exact)
4520 old murfreesboro road west|lebanon|37090,4520 Old Murfreesboro Road West,Lebanon,37090,36.143047699607,-86.321206762285,census,address (exact)
455 pleasant grove rd|mt. juliet|37122,455 Pleasant Grove Rd,Mt. Juliet,37122,36.176873454464,-86.518568769465,census,address (exact)
4624 hunter's point pike|lebanon|37087,4624 Hunter's Point Pike,Lebanon,37087,36.275717357877,-86.277818673856,census,address (exact)
4675 old lebanon dirt rd|mt. juliet|37122,4675 Old Lebanon Dirt Rd.,Mt. Juliet,37122,36.191297506355,-86.513519513433,census,address (exact)
4713 kensington dr|old hickory|37138,4713 Kensington Dr,Old Hickory,37138,36.228025201314,-86.57846641606,census,address (exact)
4713 privateer rd|hixson|37343,4713 Privateer Rd,Hixson,37343,35.12166797149,-85.193395466505,census,address (exact)
4721 carthage hwy|lebanon|37087,4721 Carthage Hwy,Lebanon,37087,36.235244796974,-86.185127712826,census,address (exact)
4847 -f mccrary road|lebanon|37090,4847 -F McCrary Road,Lebanon,37090,36.044572827262,-86.41770542918,census,address (non_exact)
4857 alsup mill rd|lascassas|37085,4857 Alsup Mill Rd,Lascassas,37085,36.01302943846,-86.294738142775,census,address (exact)
4868 club dr|old hickory|37138,4868 Club Dr.,Old Hickory,37138,36.243393838862,-86.585496951976,census,address (exact)
4881 everest dr|old hickory|37138,4881 Everest Dr,Old Hickory,37138,36.224343402635,-86.585436748748,census,address (exact)
495 n mt juliet rd|mt. juliet|37122,495 N Mt Juliet Rd,Mt. Juliet,37122,36.177870972973,-86.512526428653,census,address (exact)
4994 murfreesboro rd|lebanon|37090,4994 Murfreesboro Rd.,Lebanon,37090,36.095454304415,-86.334950182596,census,address (exact)
4994 murfreesboro road|lebanon|37090,4994 Murfreesboro Road,Lebanon,37090,36.095454304415,-86.334950182596,census,address (exact)
50 meadows dr|lebanon|37087,50 Meadows Dr.,Lebanon,37087,36.200459439003,-86.282088578574,census,address (exact)
50 old pleasant grove rd|mt. juliet|37122,50 Old Pleasant Grove Rd,Mt. Juliet,37122,36.173880787528,-86.514740924692,census,address (exact)
50 traditions way|lebanon|37087,50 Traditions Way,Lebanon,37087,36.2079779,-86.2910945,nominatim,city centroid
500 blue devil blvd|lebanon|37087,500 Blue Devil Blvd.,Lebanon,37087,36.202924241983,-86.32768075726,census,address (exact)
500 torrey pines ln|lebanon|37087,500 Torrey Pines Ln,Lebanon,37087,36.2323196,-86.2945414,nominatim,address
5000 napoli drive|mt. juliet|37122,5000 Napoli Drive,Mt. Juliet,37122,36.223363715364,-86.496232086361,census,address (exact)
5001 crossings cir|mt. juliet|37122,5001 Crossings Cir,Mt. Juliet,37122,36.168707603387,-86.516191275452,census,address (exact)
5004 crossings circle|mt. juliet|37122,5004 Crossings Circle,Mt. Juliet,37122,36.168719108428,-86.516332505105,census,address (exact)
5004 crossings cir|mt. juliet|37122,5004 Crossings Cir,Mt. Juliet,37122,36.168719108428,-86.516332505105,census,address (exact)
5005 hunters village drive|lebanon|37087,5005 Hunters Village Drive,Lebanon,37087,36.2315764,-86.2886941,nominatim,address
5006 crossing cir|mt. juliet|37122,5006 Crossing Cir,Mt. Juliet,37122,36.1661748,-86.5143299,nominatim,address
501 w baddour pkwy|lebanon|37087,501 W. Baddour Pkwy.,Lebanon,37087,36.213975144932,-86.300306362431,census,address (exact)
503 coles ferry pike|lebanon|37087,503 Coles Ferry Pike,Lebanon,37087,36.217771123642,-86.295045450274,census,address (exact)
5030 murfreesboro rd|lebanon|37090,5030 Murfreesboro Rd,Lebanon,37090,36.094985198336,-86.335214178712,census,address (exact)
505 lena way lebanon tn usa|lebanon|37087,505 Lena Way Lebanon TN USA,Lebanon,37087,36.291925684104,-86.428217345709,census,address (non_exact)
507 coles ferry pike|lebanon|37087,507 Coles Ferry Pike,Lebanon,37087,36.217791248502,-86.295100019595,census,address (exact)
507 south cumberland street|lebanon|37087,507 South Cumberland Street,Lebanon,37087,36.198567504398,-86.292258267958,census,address (exact)
508 ash st|lebanon|37087,508 Ash St,Lebanon,37087,36.2318064,-86.281471,nominatim,address
509 s cumberland st|lebanon|37087,509 S Cumberland St,Lebanon,37087,36.198539021607,-86.2922607157,census,address (exact)
5090 coles ferry pike|lebanon|37087,5090 Coles Ferry Pike,Lebanon,37087,36.269484067178,-86.334696760109,census,address (exact)
510 d w main st|lebanon|37087,510 D W Main St.,Lebanon,37087,36.209121828613,-86.302805128725,census,address (non_exact)
510 w main st|lebanon|37087,510 W Main St,Lebanon,37087,36.209121828613,-86.302805128725,census,address (exact)
510 west main street|lebanon|37087,510 West Main Street,Lebanon,37087,36.209121828613,-86.302805128725,census,address (exact)
511 castle heights ave n|lebanon|37087,511 Castle Heights Ave. N.,Lebanon,37087,36.21746512457,-86.299955135371,census,address (non_exact)
511 n castle heights ave|lebanon|37087,511 N. Castle Heights Ave.,Lebanon,37087,36.21746512457,-86.299955135371,census,address (exact)
512 pleasant grove rd|mt. juliet|37122,512 Pleasant Grove Rd,Mt. Juliet,37122,36.178043231739,-86.513849710142,census,address (exact)
512 w main st|lebanon|37087,512 W. Main St.,Lebanon,37087,36.20913686558,-86.302950987228,census,address (exact)
512 west main street|lebanon|37087,512 West Main Street,Lebanon,37087,36.20913686558,-86.302950987228,census,address (exact)
516 west main st|lebanon|37087,516 West Main St.,Lebanon,37087,36.209168741579,-86.303244297505,census,address (exact)
517 west main street|lebanon|37087,517 West Main Street,Lebanon,37087,36.209298589309,-86.303364455096,census,address (exact)
519 cedar grove rd|lebanon|37087,519 Cedar Grove Rd,Lebanon,37087,36.267657646671,-86.322490457181,census,address (exact)
519 maple hill rd|lebanon|37087,519 Maple Hill Rd,Lebanon,37087,36.240254079512,-86.340196611293,census,address (exact)
520 pleasant grove rd|mt. juliet|37122,520 Pleasant Grove Rd,Mt. Juliet,37122,36.177822415456,-86.514596957519,census,address (exact)
5219 rustic way|old hickory|37138,5219 Rustic Way.,Old Hickory,37138,36.23587074161,-86.577459787812,census,address (exact)
522 b west main st|lebanon|37087,522 B West Main St.,Lebanon,37087,36.209190983357,-86.303438045625,census,address (non_exact)
"522 harding place, nashville, tn, usa|nashville|37211","522 Harding Place, Nashville, TN, USA",Nashville,37211,36.077131917706,-86.734911687553,census,address (non_exact)
522 harding place|nashville|37211,522 Harding Place,Nashville,37211,36.077131917706,-86.734911687553,census,address (exact)
5220 giardino dr|mt. juliet|37122,5220 Giardino Dr,Mt. Juliet,37122,36.222080253708,-86.494859179565,census,address (exact)
5234 saundersville rd|old hickory|37138,5234 Saundersville Rd,Old Hickory,37138,36.252007414284,-86.562474057049,census,address (exact)
524 w main|lebanon|37087,524 W. Main,Lebanon,37087,36.209193959467,-86.303465326624,census,address (non_exact)
528 vance lane|lebanon|37087,528 Vance Lane.,Lebanon,37087,36.236325710108,-86.252719025065,census,address (exact)
531 w baddour pkwy|lebanon|37087,531 W Baddour Pkwy,Lebanon,37087,36.215412947555,-86.303171629191,census,address (exact)
537 quarry rd mt juliet tn usa|mt. juliet|37122,537 Quarry Rd Mt. Juliet TN USA,Mt. Juliet,37122,36.224263677715,-86.43568950718,census,address (non_exact)
"537 quarry rd, mt juliet, tn, usa|mt. juliet|37122","537 Quarry Rd, Mt. Juliet, TN, USA",Mt. Juliet,37122,36.224263677715,-86.43568950718,census,address (non_exact)
537 quarry rd|mt. juliet|37122,537 Quarry Rd,Mt. Juliet,37122,36.224263677715,-86.43568950718,census,address (exact)
5411 pisano st|mt. juliet|37122,5411 Pisano St,Mt. Juliet,37122,36.220579704411,-86.495038517495,census,address (exact)
545 amber dr|mt. juliet|37122,545 Amber Dr,Mt. Juliet,37122,36.121238601313,-86.441039802711,census,address (exact)
555 providence trail|mt. juliet|37122,555 Providence Trail,Mt. Juliet,37122,36.163313036996,-86.503166832659,census,address (exact)
555 providence trl|mt. juliet|37122,555 Providence Trl,Mt. Juliet,37122,36.163313036996,-86.503166832659,census,address (exact)
563 main st|mt. juliet|37122,563 Main St,Mt. Juliet,37122,36.203130539135,-86.527849845751,census,address (exact)
565 s mt juliet rd|mt. juliet|37122,565 S. Mt. Juliet Rd.,Mt. Juliet,37122,36.163110681001,-86.51488063452,census,address (exact)
5675 central pk|mt. juliet|37122,5675 Central Pk,Mt. Juliet,37122,36.168396276272,-86.549335671679,census,address (exact)
580 nonaville rd|mt. juliet|37122,580 Nonaville Rd.,Mt. Juliet,37122,36.238840927937,-86.530862964563,census,address (exact)
598 old shannon rd lebanon tn usa|lebanon|37090,598 Old Shannon Rd Lebanon TN USA,Lebanon,37090,36.170895502723,-86.339506046754,census,address (non_exact)
60 belinda pkwy|mt. juliet|37122,60 Belinda pkwy,Mt. Juliet,37122,36.170337055608,-86.504696774341,census,address (exact)
600 castle rd|mt. juliet|37122,600 Castle Rd,Mt. Juliet,37122,36.152423962193,-86.467081632584,census,address (exact)
600 red ink dr|mt. juliet|37122,600 Red Ink Dr.,Mt. Juliet,37122,36.174513621018,-86.513011372645,census,address (exact)
600 s mt juliet rd|mt. juliet|37122,600 S Mt. Juliet Rd,Mt. Juliet,37122,36.16405943478,-86.51485674061,census,address (exact)
601 ormond lane|lebanon|37087,601 Ormond Lane,Lebanon,37087,36.2079779,-86.2910945,nominatim,city centroid
601 sire ave|mt. juliet|37122,601 Sire Ave,Mt. Juliet,37122,36.214137677741,-86.495845842388,census,address (exact)
6016 leeville pike|lebanon|37090,6016 Leeville Pike,Lebanon,37090,36.185588333754,-86.396306771681,census,address (exact)
604 south cumberland street|lebanon|37087,604 South Cumberland Street,Lebanon,37087,36.193763651395,-86.293913097523,census,address (exact)
605 bridle path lane|hartsville|37074,605 Bridle Path Lane,Hartsville,37074,36.41153289691,-86.170911527468,census,address (exact)
605 milberry rd|mt. juliet|37122,605 Milberry Rd,Mt. Juliet,37122,36.200055,-86.5186054,nominatim,city centroid
605 s cumberland st|lebanon|37087,605 S Cumberland St,Lebanon,37087,36.193607505134,-86.293705174653,census,address (exact)
607 bella ct|lebanon|37087,607 Bella Ct,Lebanon,37087,36.2143448,-86.2743105,nominatim,address
607 fairgrounds ct lebanon tn usa|lebanon|37087,607 Fairgrounds Ct Lebanon TN USA,Lebanon,37087,36.216989921157,-86.295616272986,census,address (non_exact)
609 foster ln|mt. juliet|37122,609 Foster Ln,Mt. Juliet,37122,36.160777194042,-86.483218934369,census,address (exact)
609 south cumberland street|lebanon|37087,609 South Cumberland Street,Lebanon,37087,36.192824946417,-86.294062847223,census,address (exact)
610 e cassa way|mt. juliet|37122,610 E Cassa Way,Mt. Juliet,37122,36.200055,-86.5186054,nominatim,city centroid
6100 leeville pike|lebanon|37087,6100 Leeville Pike,Lebanon,37087,36.18622663312,-86.400318825977,census,address (non_exact)
611 south cumberland street|lebanon|37087,611 South Cumberland Street,Lebanon,37087,36.192433730385,-86.294241530494,census,address (exact)
613 s mt juliet rd|mt. juliet|37122,613 S. Mt. Juliet Rd.,Mt. Juliet,37122,36.162411903582,-86.51501326329,census,address (exact)
617 wilson ave|lebanon|37087,617 Wilson Ave,Lebanon,37087,36.215428790615,-86.29275564346,census,address (exact)
620 s cumberland st|lebanon|37087,620 S Cumberland St,Lebanon,37087,36.191681348469,-86.294864651212,census,address (exact)
621 five oaks blvd|lebanon|37087,621 Five Oaks Blvd,Lebanon,37087,36.250970379175,-86.372978906007,census,address (exact)
621 s mt juliet rd st|mt. juliet|37122,621 S Mt. Juliet Rd St,Mt. Juliet,37122,36.162295531431,-86.51503542942,census,address (non_exact)
621 s mt juliet rd|mt. juliet|37122,621 S Mt. Juliet Rd,Mt. Juliet,37122,36.162295531431,-86.51503542942,census,address (exact)
6211 saundersville rd|mt. juliet|37122,6211 Saundersville Rd.,Mt. Juliet,37122,36.26043657393,-86.550135765783,census,address (exact)
623 s cumberland st|lebanon|37087,623 S Cumberland St,Lebanon,37087,36.191660909537,-86.294592813224,census,address (exact)
623 south cumberland street|lebanon|37087,623 South Cumberland Street,Lebanon,37087,36.191660909537,-86.294592813224,census,address (exact)
625 s cumberland st|lebanon|37087,625 S Cumberland St,Lebanon,37087,36.191592483562,-86.294623915942,census,address (exact)
625 s cumberland|lebanon|37087,625 S. Cumberland,Lebanon,37087,36.191592483562,-86.294623915942,census,address (non_exact)
625 s mt juliet rd|mt. juliet|37122,625 S. Mt. Juliet Rd.,Mt. Juliet,37122,36.162237345355,-86.515046512485,census,address (exact)
626 e main st|lebanon|37087,626 E Main St,Lebanon,37087,36.209443950825,-86.305959111409,census,address (non_exact)
626 hollow wood trl|mt. juliet|37122,626 Hollow Wood Trl,Mt. Juliet,37122,36.2232709,-86.4885624,nominatim,address
628 ridgecrest dr|lebanon|37087,628 Ridgecrest Dr,Lebanon,37087,36.246652897017,-86.371038753708,census,address (non_exact)
63 belinda pkwy|mt. juliet|37122,63 Belinda Pkwy,Mt. Juliet,37122,36.170375451963,-86.507262182947,census,address (exact)
630 providence pkwy|mt. juliet|37122,630 Providence Pkwy,Mt. Juliet,37122,36.164838149777,-86.518198833303,census,address (exact)
630 s mt juliet rd|mt. juliet|37122,630 S Mt. Juliet Rd,Mt. Juliet,37122,36.162396870877,-86.515159730447,census,address (exact)
630 south cumberland street|lebanon|37087,630 South Cumberland Street,Lebanon,37087,36.1913540055,-86.295012543435,census,address (exact)
631 beckwith rd|mt. juliet|37122,631 Beckwith Rd.,Mt. Juliet,37122,36.223356604018,-86.470683680197,census,address (exact)
631 cumberland|lebanon|37087,631 Cumberland,Lebanon,37087,36.1937848,-86.2939353,nominatim,address
631 s cumberland|lebanon|37087,631 S. Cumberland,Lebanon,37087,36.191387105629,-86.29471729087,census,address (non_exact)
635 s cumberland|lebanon|37087,635 S. Cumberland,Lebanon,37087,36.191250352001,-86.294779826454,census,address (non_exact)
636 south cumberland street|lebanon|37087,636 South Cumberland Street,Lebanon,37087,36.191157546245,-86.29510195759,census,address (exact)
637 s mt juliet rd|mt. juliet|37122,637 S. Mt. Juliet Rd.,Mt. Juliet,37122,36.162064434015,-86.515078985499,census,address (exact)
638 s cumberland|lebanon|37087,638 S. Cumberland,Lebanon,37087,36.191092059826,-86.295131762309,census,address (non_exact)
638 south cumberland street|lebanon|37087,638 South Cumberland Street,Lebanon,37087,36.191092059826,-86.295131762309,census,address (exact)
639 south cumberland street|lebanon|37087,639 South Cumberland Street,Lebanon,37087,36.191113598372,-86.294842362037,census,address (exact)
64 belinda pkwy|mt. juliet|37122,64 Belinda Pkwy,Mt. Juliet,37122,36.170296308929,-86.504353205911,census,address (exact)
640 s mt juliet rd.|mt. juliet|37122,640 S Mt Juliet Rd.,Mt. Juliet,37122,36.161841772843,-86.515260529912,census,address (exact)
640 s mt juliet rd|mt. juliet|37122,640 S Mt. Juliet Rd,Mt. Juliet,37122,36.161841772843,-86.515260529912,census,address (exact)
641 cumberland st|lebanon|37087,641 Cumberland St.,Lebanon,37087,36.1909828,-86.2952128,nominatim,address
641 s cumberland st|lebanon|37087,641 S. Cumberland St.,Lebanon,37087,36.191045221558,-86.294873629829,census,address (exact)
649 s mt juliet rd|mt. juliet|37122,649 S Mt. Juliet Rd,Mt. Juliet,37122,36.161888540211,-86.515109017926,census,address (exact)
65 pleasant grove rd|mt. juliet|37122,65 Pleasant Grove Rd.,Mt. Juliet,37122,36.177678611575,-86.515767043681,census,address (exact)
650 s mt juliet rd|mt. juliet|37122,650 S Mt. Juliet Rd,Mt. Juliet,37122,36.161286871119,-86.515357503058,census,address (exact)
657 beasleys bend rd lebanon tn usa|lebanon|37087,657 Beasleys Bend Rd Lebanon TN USA,Lebanon,37087,36.285968789933,-86.224709785549,census,address (non_exact)
"657 beasleys bend rd, lebanon, tn, usa|lebanon|37087","657 Beasleys Bend Rd, Lebanon, TN, USA",Lebanon,37087,36.285968789933,-86.224709785549,census,address (non_exact)
657 beasleys bend rd|lebanon|37087,657 Beasleys Bend Rd,Lebanon,37087,36.285968789933,-86.224709785549,census,address (exact)
6650 eastgate blvd|lebanon|37090,6650 Eastgate Blvd,Lebanon,37090,36.187887252274,-86.410614090823,census,address (exact)
6651 eastgate|lebanon|37090,6651 Eastgate,Lebanon,37090,36.187991316524,-86.410673535837,census,address (non_exact)
670 coles ferry pike|lebanon|37087,670 Coles Ferry Pike,Lebanon,37087,36.218911518411,-86.298080075185,census,address (exact)
6705 eastgate blvd|lebanon|37090,6705 Eastgate Blvd,Lebanon,37090,36.187788911486,-86.411248642675,census,address (exact)
6720 eastgate blvd|lebanon|37090,6720 Eastgate Blvd,Lebanon,37090,36.187568287593,-86.411506957184,census,address (exact)
673 s mount juliet rd|mt. juliet|37122,673 S. Mount Juliet Rd.,Mt. Juliet,37122,36.161538783972,-86.515170140394,census,address (exact)
673 s mt juliet rd|mt. juliet|37122,673 S. Mt. Juliet Rd,Mt. Juliet,37122,36.161538783972,-86.515170140394,census,address (exact)
6750 eastgate blvd|lebanon|37090,6750 Eastgate Blvd.,Lebanon,37090,36.187350221816,-86.412101446061,census,address (exact)
676 pemberton drive lebanon tn usa|lebanon|37087,676 Pemberton Drive Lebanon TN USA,Lebanon,37087,36.247236975944,-86.444488533938,census,address (non_exact)
"676 pemberton drive, lebanon, tn, usa|lebanon|37087","676 Pemberton Drive, Lebanon, TN, USA",Lebanon,37087,36.247236975944,-86.444488533938,census,address (non_exact)
676 pemberton drive|lebanon|37087,676 Pemberton Drive,Lebanon,37087,36.247236975944,-86.444488533938,census,address (exact)
6795 eastgate blvd|lebanon|37090,6795 Eastgate Blvd,Lebanon,37090,36.187255081824,-86.413067927217,census,address (exact)
69 belinda pkwy|mt. juliet|37122,69 Belinda Pkwy,Mt. Juliet,37122,36.170421593175,-86.507655664762,census,address (exact)
699 stonegate dr|mt. juliet|37122,699 Stonegate Dr.,Mt. Juliet,37122,36.174107365357,-86.510141017703,census,address (exact)
70 villa ct|lebanon|37087,70 Villa Ct,Lebanon,37087,36.2079779,-86.2910945,nominatim,city centroid
700 e main st|lebanon|37087,700 E Main St,Lebanon,37087,36.208548645129,-86.278768200575,census,address (exact)
700 east main street|lebanon|37087,700 East Main Street,Lebanon,37087,36.208548645129,-86.278768200575,census,address (exact)
701 coles ferry pike|lebanon|37087,701 Coles Ferry Pike,Lebanon,37087,36.218812966519,-86.297704741154,census,address (exact)
701 farmington dr|lebanon|37087,701 Farmington Dr,Lebanon,37087,36.246016624365,-86.332569100469,census,address (exact)
701 s cumberland st|lebanon|37087,701 S. Cumberland St.,Lebanon,37087,36.188955589261,-86.295831970166,census,address (exact)
703 s cumberland st|lebanon|37087,703 S Cumberland St Suite C-1,Lebanon,37087,36.188916247657,-86.295849892453,census,address (exact)
703 south cumberland street|lebanon|37087,703 South Cumberland Street Suite C-1,Lebanon,37087,36.188916247657,-86.295849892453,census,address (exact)
704 s cumberland st|lebanon|37087,704 S. Cumberland St.,Lebanon,37087,36.188410058404,-86.296363664473,census,address (exact)
704 s cumberland|lebanon|37087,704 S. Cumberland,Lebanon,37087,36.188410058404,-86.296363664473,census,address (non_exact)
704 so cumberland|lebanon|37087,704 So. Cumberland,Lebanon,37087,36.188410058404,-86.296363664473,census,address (non_exact)
705 cadet court|lebanon|37087,705 Cadet Court,Lebanon,37087,36.213164494683,-86.307443035643,census,address (exact)
705 s cumberland st|lebanon|37087,705 S. Cumberland St.,Lebanon,37087,36.188876906053,-86.295867814741,census,address (exact)
706 e main st|lebanon|37087,706 E Main St,Lebanon,37087,36.208713346343,-86.278540177939,census,address (exact)
706 east main street|lebanon|37087,706 East Main Street,Lebanon,37087,36.208713346343,-86.278540177939,census,address (exact)
706 s cumberland st|lebanon|37087,706 S. Cumberland St.,Lebanon,37087,36.188103919016,-86.296504323121,census,address (exact)
7094 lascassas pike|lascassas|37085,7094 Lascassas Pike,Lascassas,37085,35.927601905943,-86.265174603964,census,address (exact)
710 s cumberland st|lebanon|37087,710 S. Cumberland St.,Lebanon,37087,36.187690713847,-86.296694559429,census,address (exact)
711 park avenue|lebanon|37087,711 Park Avenue,Lebanon,37087,36.196957992478,-86.276400279674,census,address (exact)
713 s mt juliet rd|mt. juliet|37122,713 S Mt. Juliet Rd,Mt. Juliet,37122,36.160912256982,-86.515279130592,census,address (exact)
719 cole ave|lebanon|37087,719 Cole Ave,Lebanon,37087,36.217785476821,-86.293547838914,census,address (exact)
719 s mt juliet rd|mt. juliet|37122,719 S Mt Juliet Rd,Mt. Juliet,37122,36.160845127897,-86.515290685602,census,address (exact)
735 n mt juliet rd|mt. juliet|37122,735 N Mt Juliet Rd,Mt. Juliet,37122,36.183433836703,-86.511460304561,census,address (exact)
736 meadowlane dr|lebanon|37087,736 Meadowlane Dr,Lebanon,37087,36.202381258343,-86.310315324497,census,address (exact)
75 belinda pkwy|mt. juliet|37122,75 Belinda Pkwy,Mt. Juliet,37122,36.170460942487,-86.508046289953,census,address (exact)
75 draper lane|lebanon|37087,75 Draper Lane,Lebanon,37087,36.203622915277,-86.262012113537,census,address (exact)
7524 neubert springs road|knoxville|37920,7524 Neubert Springs Road,Knoxville,37920,35.897738582785,-83.874231716199,census,address (exact)
760 flatwoods rd|lebanon|37090,760 Flatwoods Rd,Lebanon,37090,36.073606972135,-86.353898855904,census,address (exact)
7800 trousdale ferry pike|lebanon|37090,7800 Trousdale Ferry Pike,Lebanon,37090,36.200223139532,-86.142643486967,census,address (exact)
791 rolling creek dr|mt. juliet|37122,791 Rolling Creek Dr,Mt. Juliet,37122,36.221125453663,-86.486412509039,census,address (exact)
80 aviation way lebanon tn usa|lebanon|37090,80 Aviation Way Lebanon TN USA,Lebanon,37090,36.2079779,-86.2910945,nominatim,city centroid
80 aviation way|lebanon|37090,80 Aviation Way,Lebanon,37090,36.1890653,-86.3233381,nominatim,address
800 sunset point|mt. juliet|37122,800 Sunset Point,Mt. Juliet,37122,36.226857757212,-86.516752664855,census,address (exact)
802 overhills dr|green hill|37138,802 Overhills Dr,Green Hill,37138,36.23317131393,-86.569735408748,census,address (non_exact)
8037 eastgate blvd|mt. juliet|37122,8037 Eastgate Blvd,Mt. Juliet,37122,36.185221133337,-86.433961427733,census,address (exact)
8061 murfreesboro road|lebanon|37090,8061 Murfreesboro Road,Lebanon,37090,36.053214557764,-86.350104736256,census,address (exact)
807 south cumberland|lebanon|37087,807 South Cumberland,Lebanon,37087,36.186147522471,-86.297119152686,census,address (non_exact)
808 leeville pike|lebanon|37087,808 Leeville Pike,Lebanon,37087,36.198463995192,-86.311863031772,census,address (non_exact)
809 s cumberland|lebanon|37087,809 S. Cumberland,Lebanon,37087,36.185874817995,-86.297244142247,census,address (non_exact)
812 water view terrace|mt. juliet|37122,812 Water View Terrace,Mt. Juliet,37122,36.256612674658,-86.522063897415,census,address (exact)
812 waterview terrace|mt. juliet|37122,812 Waterview Terrace,Mt. Juliet,37122,36.256612674658,-86.522063897415,census,address (exact)
8124 cedar forest rd|lascassas|37085,8124 Cedar Forest Rd,Lascassas,37085,36.015816254845,-86.294502065361,census,address (exact)
813 s cumberland|lebanon|37087,813 S. Cumberland,Lebanon,37087,36.185329596792,-86.297496020362,census,address (non_exact)
814 harrisburg ln|mt. juliet|37122,814 Harrisburg Ln.,Mt. Juliet,37122,36.143926054648,-86.499945967846,census,address (exact)
816 n cumberland|lebanon|37087,816 N. Cumberland,Lebanon,37087,36.221198691013,-86.290090770837,census,address (non_exact)
817 s cumberland st|lebanon|37087,817 S. Cumberland St.,Lebanon,37087,36.184950380466,-86.297673038449,census,address (exact)
818 north cumberland st|lebanon|37087,818 North Cumberland St.,Lebanon,37087,36.221226914741,-86.290101963002,census,address (exact)
818 s cumberland st|lebanon|37087,818 S Cumberland St,Lebanon,37087,36.184139451481,-86.298333017219,census,address (exact)
819 s cumberland st|lebanon|37087,819 S. Cumberland St.,Lebanon,37087,36.184903427332,-86.29769483812,census,address (exact)
820 s cumberland|lebanon|37087,820 S. Cumberland,Lebanon,37087,36.184114109804,-86.298345857003,census,address (non_exact)
8200 tumbled stone wy|knoxville|37931,8200 Tumbled Stone Wy,Knoxville,37931,35.965728961031,-84.090250626999,census,address (exact)
822 s cumberland str|lebanon|37087,822 S. Cumberland Str,Lebanon,37087,36.184088768127,-86.298358696787,census,address (exact)
823 s cumberland|lebanon|37087,823 S. Cumberland,Lebanon,37087,36.184809592795,-86.297738157376,census,address (non_exact)
826 cumberland st|lebanon|37087,826 Cumberland St.,Lebanon,37087,36.1834139,-86.3001906,nominatim,address
826 s cumberland st|lebanon|37087,826 S. Cumberland St.,Lebanon,37087,36.184038084774,-86.298384376355,census,address (exact)
8275 stewarts ferry pike|mt. juliet|37122,8275 Stewarts Ferry Pike,Mt. Juliet,37122,36.113135453817,-86.428491215,census,address (exact)
828 ava ln|mt. juliet|37122,828 Ava Ln,Mt. Juliet,37122,36.200055,-86.5186054,nominatim,city centroid
8283 carthage hwy|lebanon|37087,8283 Carthage Hwy.,Lebanon,37087,36.250380843193,-86.123958448417,census,address (exact)
829 cumberland|lebanon|37087,829 Cumberland,Lebanon,37087,36.1839665,-86.2984536,nominatim,address
829 s cumberland|lebanon|37087,829 S. Cumberland,Lebanon,37087,36.184668598906,-86.297803109622,census,address (non_exact)
8350 carthage hwy|lebanon|37087,8350 Carthage Hwy,Lebanon,37087,36.250374065531,-86.123499445785,census,address (exact)
837 molly ln|mt. juliet|37122,837 Molly Ln,Mt. Juliet,37122,36.0971054,-86.4253281,nominatim,address
84 s greenhill|mt. juliet|37122,84 S. Greenhill,Mt. Juliet,37122,36.221037928778,-86.549663755236,census,address (non_exact)
84 south greenhill|mt. juliet|37122,84 South Greenhill,Mt. Juliet,37122,36.221037928778,-86.549663755236,census,address (non_exact)
8484 sparta pike|watertown|37184,8484 Sparta Pike,Watertown,37184,36.096864234916,-86.143376361224,census,address (exact)
8490 sparta pike|watertown|37184,8490 Sparta Pike,Watertown,37184,36.096884934976,-86.143205777344,census,address (exact)
85 sherrilltown rd|watertown|37184,85 Sherrilltown Rd,Watertown,37184,36.057248571412,-86.24043708516,census,address (exact)
850 silva lp|mt. juliet|37122,850 Silva Lp,Mt. Juliet,37122,36.200055,-86.5186054,nominatim,city centroid
8702 stewarts ferry pike|mt. juliet|37122,8702 Stewarts Ferry Pike,Mt. Juliet,37122,36.112838423005,-86.420711762937,census,address (exact)
8965 stewarts ferry pike|mt. juliet|37122,8965 Stewarts Ferry Pike,Mt. Juliet,37122,36.112759807584,-86.416590964596,census,address (exact)
8975 stewarts ferry pike|mt. juliet|37122,8975 Stewarts Ferry Pike,Mt. Juliet,37122,36.112747864344,-86.416436615903,census,address (exact)
8995 stewarts ferry pike|mt. juliet|37122,8995 Stewarts Ferry Pike,Mt. Juliet,37122,36.112725573425,-86.416136952736,census,address (exact)
9000 stewarts ferry pike|mt. juliet|37122,9000 Stewarts Ferry Pike,Mt. Juliet,37122,36.112614543199,-86.416196212934,census,address (exact)
9015 murfreesboro rd|lebanon|37090,9015 Murfreesboro Rd,Lebanon,37090,36.03993753519,-86.354116212275,census,address (exact)
902 hutchinson pl|lebanon|37090,902 Hutchinson Pl,Lebanon,37090,36.183795346733,-86.278692935905,census,address (exact)
902 murfreesboro rd|lebanon|37090,902 Murfreesboro Rd.,Lebanon,37090,36.180641917521,-86.29993950044,census,address (exact)
903 murfreesboro rd|lebanon|37090,903 Murfreesboro Rd,Lebanon,37090,36.179471534292,-86.30023495366,census,address (exact)
9034 stewarts ferry pike|lebanon|37090,9034 Stewarts Ferry Pike,Lebanon,37090,36.112587117163,-86.415640378316,census,address (exact)
904 glen caourt|mt. juliet|37122,904 Glen Caourt,Mt. Juliet,37122,36.281129170259,-86.5484318571,census,address (non_exact)
904 glen ct|mt. juliet|37122,904 Glen Ct.,Mt. Juliet,37122,36.281129170259,-86.5484318571,census,address (exact)
904 murfreesboro rd|lebanon|37090,904 Murfreesboro Rd.,Lebanon,37090,36.180093017727,-86.300174979523,census,address (exact)
906 w spring st|lebanon|37087,906 W Spring St,Lebanon,37087,36.208052948602,-86.314246168047,census,address (exact)
909 s hartmann dr|lebanon|37087,909 S. Hartmann Dr.,Lebanon,37087,36.191854767647,-86.328401299675,census,address (non_exact)
9120 saundersville rd|mt. juliet|37122,9120 Saundersville Rd,Mt. Juliet,37122,36.275967278974,-86.511946880426,census,address (exact)
914 murfreesboro rd|lebanon|37087,914 Murfreesboro Rd.,Lebanon,37087,36.179956134796,-86.300233912296,census,address (non_exact)
914 murfreesboro rd|lebanon|37090,914 Murfreesboro Rd.,Lebanon,37090,36.179956134796,-86.300233912296,census,address (exact)
915 s hartmann dr|lebanon|37090,915 S Hartmann Dr,Lebanon,37090,36.191639618173,-86.327924252512,census,address (exact)
915 trousdale ferry pk|lebanon|37087,915 Trousdale Ferry Pk,Lebanon,37087,36.20967744429,-86.260252130697,census,address (exact)
920 coles ferry pike|lebanon|37087,920 Coles Ferry Pike,Lebanon,37087,36.221436517886,-86.300740925118,census,address (exact)
935 coolidge rd|lafayette|37083,935 Coolidge Rd,Lafayette,37083,36.543503816976,-86.009448129148,census,address (exact)
935 n mt juliet rd|mt. juliet|37122,935 N Mt Juliet Rd,Mt. Juliet,37122,36.185574809338,-86.511045370275,census,address (exact)
9360 sparta pike|watertown|37184,9360 Sparta Pike,Watertown,37184,36.098798807542,-86.12733992148,census,address (exact)
9360 sparta pk|watertown|37184,9360 Sparta Pk,Watertown,37184,36.098798807542,-86.12733992148,census,address (exact)
9439 sparta pike|watertown|37184,9439 Sparta Pike.,Watertown,37184,36.09892141839,-86.127286027126,census,address (exact)
945 e baddour parkway|lebanon|37087,945 E Baddour Parkway,Lebanon,37087,36.199028315654,-86.275575607039,census,address (exact)
9464 sparta pike|watertown|37184,9464 Sparta Pike,Watertown,37184,36.0966407,-86.1456395,nominatim,address
9468 lebanon rd|mt. juliet|37122,9468 Lebanon Rd,Mt. Juliet,37122,36.230866841269,-86.482599252182,census,address (exact)
953 pointview cir|mt. juliet|37122,953 Pointview Cir,Mt. Juliet,37122,36.286101354686,-86.457402459508,census,address (exact)
9574 lebanon rd|mt. juliet|37122,9574 Lebanon Rd,Mt. Juliet,37122,36.230884184807,-86.484616858424,census,address (exact)
9695 hartsville pike|lebanon|37087,9695 Hartsville Pike,Lebanon,37087,36.31610554057,-86.178843992163,census,address (exact)
9695 lebanon rd.|mt. juliet|37122,9695 Lebanon Rd.,Mt. Juliet,37122,36.2310691,-86.4861676,nominatim,address
9695 lebanon rd|mt. juliet|37122,9695 Lebanon Rd.,Mt. Juliet,37122,36.2310691,-86.4861676,nominatim,address
98 hatfield ln|mt. juliet|37122,98 Hatfield Ln,Mt. Juliet,37122,36.2163639,-86.5118835,nominatim,address
baddour pkwy dr|lebanon|37087,Baddour Pkwy Dr.,Lebanon,37087,36.2129379,-86.2950858,nominatim,address
center for the young child|gladeville|37071,Center For The Young Child,Gladeville,37071,36.1125583,-86.4163815,nominatim,city centroid
cobs ferry pike|lebanon|37087,Cobs Ferry Pike,Lebanon,37087,36.2079779,-86.2910945,nominatim,city centroid
coles ferry pike|lebanon|37087,Coles Ferry Pike,Lebanon,37087,36.2172377,-86.293773,nominatim,address
coles ferry pk|lebanon|37087,Coles Ferry Pk,Lebanon,37087,36.2172377,-86.293773,nominatim,address
devonshire dr|old hickory|37138,Devonshire Dr.,Old Hickory,37138,36.2597132,-86.6480884,nominatim,city centroid
heatherly wy|lebanon|37087,Heatherly Wy,Lebanon,37087,36.2079779,-86.2910945,nominatim,city centroid
hickory ridge rd|lebanon|37087,Hickory Ridge Rd.,Lebanon,37087,36.2070503,-86.3336806,nominatim,address
hillview farms subdivision|lebanon|37087,Hillview Farms Subdivision,Lebanon,37087,36.2079779,-86.2910945,nominatim,city centroid
hunter's point pike|lebanon|37087,Hunter's Point Pike,Lebanon,37087,36.2079779,-86.2910945,nominatim,city centroid
hwy 109 boxwell reservation|lebanon|37087,Hwy 109 Boxwell Reservation,Lebanon,37087,36.2079779,-86.2910945,nominatim,city centroid
hwy|lebanon|37087,Hwy,Lebanon,37087,36.2111604,-86.2723855,nominatim,address
hwy|mt. juliet|37122,Hwy,Mt. Juliet,37122,36.200055,-86.5186054,nominatim,city centroid
oakdale dr|lebanon|37087,Oakdale Dr.,Lebanon,37087,36.2244571,-86.2835664,nominatim,address
p.o box 2392|lebanon|37088,P.O. Box 2392,Lebanon,37088,36.2079779,-86.2910945,nominatim,city centroid
p.o box 247|mt. juliet|37121,P.O. Box 247,Mt. Juliet,37121,36.200055,-86.5186054,nominatim,city centroid
stewarts ferry pike|gladeville|37071,Stewarts Ferry Pike,Gladeville,37071,36.1125306,-86.4107545,nominatim,address
stewarts ferry pike|nashville|37122,Stewarts Ferry Pike,Nashville,37122,36.1283083,-86.5472253,nominatim,address
timber lake dr|mt. juliet|37122,Timber Lake Dr.,Mt. Juliet,37122,36.211796,-86.5121394,nominatim,address
trousdale ferry pike|lebanon|37090,Trousdale Ferry Pike,Lebanon,37090,36.2100007,-86.2538468,nominatim,address
vanner rd|mt. juliet|37122,Vanner Rd,Mt. Juliet,37122,36.200055,-86.5186054,nominatim,city centroid
w main st|watertown|37184,W. Main St.,Watertown,37184,36.098,-86.1455708,nominatim,address
willoughby station blvd|mt. juliet|37122,Willoughby Station Blvd.,Mt. Juliet,37122,36.2060474,-86.5544354,nominatim,address
wilson co fairgrounds|lebanon|37087,Wilson Co. Fairgrounds,Lebanon,37087,36.2079779,-86.2910945,nominatim,city centroid
